{"x":35.84897994995117,"y":0.19008606672286988,"z":-2.0161168575286867}