{"x":33.05680465698242,"y":0.19008859992027284,"z":12.26501750946045}