{"x":36.871456146240237,"y":0.19008851051330567,"z":11.639239311218262}