{"x":35.8595085144043,"y":0.1900860071182251,"z":-2.2314064502716066}