{"x":30.358081817626954,"y":0.19008684158325196,"z":2.310009479522705}