{"x":27.157411575317384,"y":0.19008702039718629,"z":3.400377035140991}