{"x":33.293827056884769,"y":0.19008725881576539,"z":4.724952220916748}