{"x":34.08903121948242,"y":0.19008710980415345,"z":3.84649658203125}