{"x":30.55890464782715,"y":0.19008871912956239,"z":12.893728256225586}