{"x":35.8018798828125,"y":0.19008854031562806,"z":11.89982795715332}