{"x":36.26637268066406,"y":0.1900843381881714,"z":-11.66125202178955}