{"x":37.00797653198242,"y":0.19008409976959229,"z":-12.93795108795166}