{"x":32.821170806884769,"y":0.19008603692054749,"z":-2.1406729221343996}