{"x":32.89751434326172,"y":0.19008708000183106,"z":3.784870147705078}