{"x":27.302204132080079,"y":0.1900886595249176,"z":12.47815227508545}