{"x":32.83638381958008,"y":0.190087229013443,"z":4.476592063903809}