{"x":27.23166847229004,"y":0.19008669257164002,"z":1.705177664756775}