{"x":33.77052307128906,"y":0.19008415937423707,"z":-12.691727638244629}