{"x":29.985273361206056,"y":0.18746402859687806,"z":0.4692668914794922}