{"x":26.916852951049806,"y":0.19008728861808778,"z":4.925527572631836}