{"x":30.420795440673829,"y":0.19008579850196839,"z":-3.4588825702667238}