{"x":33.629512786865237,"y":0.19008418917655946,"z":-12.472956657409668}