{"x":33.436309814453128,"y":0.19008439779281617,"z":-11.29365348815918}