{"x":30.181974411010743,"y":0.1874620020389557,"z":-10.901698112487793}