{"x":30.317935943603517,"y":0.19008639454841615,"z":-0.1654689460992813}