{"x":29.869138717651368,"y":0.19008588790893556,"z":-3.014554738998413}