{"x":33.29451370239258,"y":0.1900867521762848,"z":1.942774772644043}