{"x":36.72014617919922,"y":0.19008424878120423,"z":-12.071435928344727}