{"x":32.74967956542969,"y":0.1900871992111206,"z":4.446093559265137}