{"x":33.343605041503909,"y":0.19008585810661317,"z":-3.107617139816284}