{"x":28.066486358642579,"y":0.19008857011795045,"z":12.057439804077149}