{"x":30.35751724243164,"y":0.19008418917655946,"z":-12.402313232421875}