{"x":26.911935806274415,"y":0.1874648928642273,"z":5.417664051055908}