{"x":30.641090393066408,"y":0.190084308385849,"z":-11.719893455505371}