{"x":36.09518814086914,"y":0.18746405839920045,"z":0.6721596717834473}