{"x":33.52384567260742,"y":0.19008418917655946,"z":-12.464093208312989}