{"x":35.808414459228519,"y":0.1900886595249176,"z":12.614683151245118}