{"x":29.929691314697267,"y":0.19008684158325196,"z":2.3819546699523927}