{"x":29.690879821777345,"y":0.19008728861808778,"z":4.933892726898193}