{"x":30.589576721191408,"y":0.19008669257164002,"z":1.562288761138916}