{"x":31.19275665283203,"y":0.18746405839920045,"z":0.7031941413879395}