{"x":32.896907806396487,"y":0.19008421897888184,"z":-12.30212688446045}