{"x":30.994556427001954,"y":0.1900857388973236,"z":-3.7883641719818117}