{"x":33.93691635131836,"y":0.19008693099021913,"z":2.901954412460327}