{"x":30.136688232421876,"y":0.19008871912956239,"z":12.80546760559082}