{"x":30.315793991088868,"y":0.1900867521762848,"z":1.9478925466537476}