{"x":33.62411880493164,"y":0.18746405839920045,"z":0.742039680480957}