{"x":30.466951370239259,"y":0.1900859773159027,"z":-2.4068801403045656}