{"x":36.080078125,"y":0.19008585810661317,"z":-3.137929677963257}