{"x":30.107011795043947,"y":0.19008690118789674,"z":2.7001821994781496}