{"x":28.211864471435548,"y":0.1874631941318512,"z":-4.224349021911621}