{"x":33.32217025756836,"y":0.19008585810661317,"z":-3.0966341495513918}