{"x":27.31674575805664,"y":0.19008678197860719,"z":2.028637647628784}