{"x":29.720903396606447,"y":0.1900843381881714,"z":-11.651077270507813}