{"x":30.164371490478517,"y":0.19008857011795045,"z":12.03723430633545}