{"x":33.131370544433597,"y":0.1900886595249176,"z":12.565868377685547}