{"x":32.86396789550781,"y":0.19008412957191468,"z":-12.786778450012207}