{"x":33.203033447265628,"y":0.1900886595249176,"z":12.625702857971192}