{"x":31.371685028076173,"y":0.190085768699646,"z":-3.6033565998077394}