{"x":27.796850204467775,"y":0.19008618593215943,"z":-1.2745087146759034}