{"x":33.4600830078125,"y":0.19008588790893556,"z":-2.930980920791626}