{"x":32.709938049316409,"y":0.19008848071098329,"z":11.571183204650879}