{"x":30.63793182373047,"y":0.19008848071098329,"z":11.63341236114502}