{"x":27.874536514282228,"y":0.1900862157344818,"z":-1.186537504196167}