{"x":36.79716491699219,"y":0.19008412957191468,"z":-12.71313762664795}