{"x":27.28386688232422,"y":0.19008666276931764,"z":1.391031265258789}