{"x":36.5205078125,"y":0.19008594751358033,"z":-2.59043288230896}