{"x":30.4888858795166,"y":0.19008421897888184,"z":-12.322288513183594}