{"x":30.40308380126953,"y":0.190084308385849,"z":-11.83604907989502}