{"x":33.81609344482422,"y":0.19008585810661317,"z":-3.1708595752716066}