{"x":27.566091537475587,"y":0.19008877873420716,"z":13.179542541503907}