{"x":27.948177337646486,"y":0.18746408820152284,"z":0.9112758636474609}