{"x":32.99884033203125,"y":0.19008857011795045,"z":12.000195503234864}