{"x":30.55608367919922,"y":0.19008421897888184,"z":-12.3258056640625}