{"x":29.8833065032959,"y":0.19008412957191468,"z":-12.724278450012207}