{"x":33.52167510986328,"y":0.19008630514144898,"z":-0.665848970413208}