{"x":33.06611633300781,"y":0.19008424878120423,"z":-12.147171020507813}