{"x":35.15243148803711,"y":0.19008851051330567,"z":11.664441108703614}