{"x":30.177316665649415,"y":0.19008702039718629,"z":3.436102867126465}