{"x":29.81905746459961,"y":0.19008708000183106,"z":3.7282896041870119}