{"x":33.118431091308597,"y":0.19008398056030274,"z":-13.543530464172364}