{"x":33.14771270751953,"y":0.19008862972259522,"z":12.408428192138672}