{"x":36.14356231689453,"y":0.190085768699646,"z":-3.552020311355591}