{"x":26.94146156311035,"y":0.19008439779281617,"z":-11.348403930664063}