{"x":26.84967613220215,"y":0.19008630514144898,"z":-0.6165478229522705}