{"x":35.45742416381836,"y":0.19008687138557435,"z":2.4892542362213136}