{"x":32.513427734375,"y":0.19008851051330567,"z":11.738482475280762}