{"x":29.311946868896486,"y":0.1874648630619049,"z":5.165599822998047}