{"x":33.03733444213867,"y":0.19008421897888184,"z":-12.344432830810547}