{"x":29.942392349243165,"y":0.19008421897888184,"z":-12.290985107421875}