{"x":32.59165954589844,"y":0.19008851051330567,"z":11.797737121582032}