{"x":28.327959060668947,"y":0.19008705019950868,"z":3.543182849884033}