{"x":30.188879013061525,"y":0.19008603692054749,"z":-2.1636598110198976}