{"x":33.85810470581055,"y":0.1900862455368042,"z":-0.9591801166534424}