{"x":30.76908302307129,"y":0.190084308385849,"z":-11.705018997192383}