{"x":35.02383041381836,"y":0.18746325373649598,"z":-3.8990535736083986}