{"x":30.664072036743165,"y":0.19008708000183106,"z":3.705504894256592}