{"x":34.55107879638672,"y":0.19008684158325196,"z":2.42478346824646}