{"x":33.142581939697269,"y":0.1900862157344818,"z":-1.0726158618927003}