{"x":31.0613956451416,"y":0.190084308385849,"z":-11.860132217407227}