{"x":29.932836532592775,"y":0.19008424878120423,"z":-12.195021629333496}