{"x":33.160457611083987,"y":0.19008678197860719,"z":1.987352967262268}