{"x":31.000408172607423,"y":0.1900862157344818,"z":-1.1771838665008546}