{"x":33.90298843383789,"y":0.19008579850196839,"z":-3.506821870803833}