{"x":36.49970626831055,"y":0.19008594751358033,"z":-2.6347148418426515}