{"x":30.49296760559082,"y":0.19008874893188477,"z":13.02413272857666}