{"x":30.808063507080079,"y":0.19008710980415345,"z":3.9066829681396486}