{"x":36.2347526550293,"y":0.190085768699646,"z":-3.373732328414917}