{"x":28.210311889648439,"y":0.190085768699646,"z":-3.565446615219116}