{"x":27.450422286987306,"y":0.19008585810661317,"z":-3.0855395793914797}