{"x":34.33721923828125,"y":0.19008579850196839,"z":-3.425760507583618}