{"x":32.82143783569336,"y":0.19008705019950868,"z":3.583303928375244}