{"x":35.933895111083987,"y":0.18746212124824525,"z":-10.193242073059082}