{"x":27.55746841430664,"y":0.19008868932724,"z":12.664430618286133}