{"x":36.261817932128909,"y":0.19008603692054749,"z":-2.143625497817993}