{"x":33.03965759277344,"y":0.1900857388973236,"z":-3.825396776199341}