{"x":35.67473602294922,"y":0.19008663296699525,"z":1.2443528175354005}