{"x":30.94512367248535,"y":0.19008436799049378,"z":-11.515615463256836}