{"x":30.473312377929689,"y":0.19008418917655946,"z":-12.436663627624512}