{"x":30.83015251159668,"y":0.19008436799049378,"z":-11.376439094543457}