{"x":32.603919982910159,"y":0.19008684158325196,"z":2.3643388748168947}