{"x":29.803646087646486,"y":0.19008439779281617,"z":-11.220224380493164}