{"x":32.67587661743164,"y":0.19008877873420716,"z":13.142716407775879}