{"x":30.398874282836915,"y":0.19008690118789674,"z":2.783543586730957}