{"x":33.792232513427737,"y":0.19008851051330567,"z":11.799886703491211}