{"x":33.050350189208987,"y":0.19008710980415345,"z":3.861894130706787}