{"x":29.84419822692871,"y":0.19008412957191468,"z":-12.78510570526123}