{"x":33.845340728759769,"y":0.19008442759513856,"z":-11.119281768798829}