{"x":33.90150451660156,"y":0.1900842785835266,"z":-12.026222229003907}