{"x":33.77560043334961,"y":0.1900886595249176,"z":12.53125}