{"x":36.177791595458987,"y":0.19008612632751466,"z":-1.557032823562622}