{"x":32.66022491455078,"y":0.19008859992027284,"z":12.234138488769532}