{"x":33.8034782409668,"y":0.19008585810661317,"z":-3.15617299079895}