{"x":36.163414001464847,"y":0.19008684158325196,"z":2.4419422149658205}