{"x":27.564102172851564,"y":0.19008848071098329,"z":11.617012023925782}