{"x":33.26606369018555,"y":0.19008418917655946,"z":-12.520686149597168}