{"x":27.53746795654297,"y":0.19008854031562806,"z":11.894774436950684}