{"x":28.263399124145509,"y":0.19008862972259522,"z":12.41051959991455}