{"x":30.41330337524414,"y":0.19008716940879823,"z":4.196415424346924}