{"x":30.29720115661621,"y":0.1900842785835266,"z":-11.88741683959961}