{"x":27.885547637939454,"y":0.19008588790893556,"z":-2.9963300228118898}