{"x":31.719032287597658,"y":0.18746614456176759,"z":12.344761848449707}