{"x":27.08194351196289,"y":0.19008681178092957,"z":2.1399636268615724}