{"x":30.274812698364259,"y":0.19008591771125794,"z":-2.8458893299102785}