{"x":30.496156692504884,"y":0.19008439779281617,"z":-11.36398696899414}