{"x":36.96678161621094,"y":0.19008660316467286,"z":1.0637564659118653}