{"x":28.133092880249025,"y":0.19008854031562806,"z":11.904804229736329}