{"x":29.495115280151368,"y":0.19008681178092957,"z":2.198777198791504}