{"x":27.583616256713868,"y":0.18746203184127809,"z":-10.622588157653809}