{"x":30.610050201416017,"y":0.19008857011795045,"z":11.973548889160157}