{"x":27.310426712036134,"y":0.19008684158325196,"z":2.3627116680145265}