{"x":30.1276912689209,"y":0.1900869607925415,"z":3.0048537254333498}