{"x":30.836957931518556,"y":0.19008716940879823,"z":4.1524248123168949}