{"x":33.61403274536133,"y":0.19008708000183106,"z":3.6739017963409426}