{"x":30.936058044433595,"y":0.190084308385849,"z":-11.788856506347657}