{"x":26.989360809326173,"y":0.1900869607925415,"z":2.978006362915039}