{"x":27.64528465270996,"y":0.1900857388973236,"z":-3.7879860401153566}