{"x":27.34248161315918,"y":0.19008606672286988,"z":-2.019775152206421}