{"x":34.0391845703125,"y":0.19008415937423707,"z":-12.597182273864746}