{"x":29.945802688598634,"y":0.1900842785835266,"z":-11.88038444519043}