{"x":36.64624786376953,"y":0.19008409976959229,"z":-13.025612831115723}