{"x":36.008811950683597,"y":0.19008409976959229,"z":-12.981572151184082}