{"x":31.111181259155275,"y":0.19008639454841615,"z":-0.13861609995365144}