{"x":28.602699279785158,"y":0.19008874893188477,"z":12.971790313720704}