{"x":30.523605346679689,"y":0.19008859992027284,"z":12.263020515441895}