{"x":28.113901138305665,"y":0.190084308385849,"z":-11.845187187194825}