{"x":27.820592880249025,"y":0.19008716940879823,"z":4.194179058074951}