{"x":30.058927536010743,"y":0.190084308385849,"z":-11.750483512878418}