{"x":34.10447311401367,"y":0.19008862972259522,"z":12.440621376037598}