{"x":27.654273986816408,"y":0.19008579850196839,"z":-3.5107648372650148}