{"x":33.65525436401367,"y":0.1874631643295288,"z":-4.373851776123047}