{"x":30.56142807006836,"y":0.19008588790893556,"z":-2.9406845569610597}