{"x":35.32685089111328,"y":0.1900842785835266,"z":-11.906940460205079}