{"x":33.039024353027347,"y":0.19008868932724,"z":12.702552795410157}