{"x":26.79917335510254,"y":0.19008880853652955,"z":13.316094398498536}