{"x":33.677642822265628,"y":0.19008874893188477,"z":12.98486328125}