{"x":33.341548919677737,"y":0.19008421897888184,"z":-12.258697509765625}