{"x":30.295621871948243,"y":0.1900867223739624,"z":1.7324405908584595}