{"x":31.335376739501954,"y":0.19008442759513856,"z":-11.15605640411377}