{"x":33.34445571899414,"y":0.19008585810661317,"z":-3.1772820949554445}