{"x":33.21078872680664,"y":0.1900886595249176,"z":12.622720718383789}