{"x":27.494306564331056,"y":0.19008871912956239,"z":12.828649520874024}