{"x":33.292823791503909,"y":0.19008612632751466,"z":-1.563300371170044}