{"x":33.170066833496097,"y":0.19008713960647584,"z":4.013944625854492}