{"x":29.745624542236329,"y":0.19008415937423707,"z":-12.672699928283692}