{"x":33.84620666503906,"y":0.19008669257164002,"z":1.6138193607330323}