{"x":26.621145248413087,"y":0.19008642435073853,"z":-0.0046045901253819469}