{"x":30.816978454589845,"y":0.19008708000183106,"z":3.6770851612091066}