{"x":35.571685791015628,"y":0.19008660316467286,"z":1.041022777557373}