{"x":30.45444107055664,"y":0.19008851051330567,"z":11.801016807556153}