{"x":30.278554916381837,"y":0.19008702039718629,"z":3.4494574069976808}