{"x":36.15184020996094,"y":0.19008716940879823,"z":4.208053112030029}