{"x":33.022216796875,"y":0.19008874893188477,"z":12.9878511428833}