{"x":33.29765319824219,"y":0.1900842785835266,"z":-11.993786811828614}