{"x":30.488554000854493,"y":0.1900843381881714,"z":-11.555176734924317}