{"x":30.594465255737306,"y":0.19008603692054749,"z":-2.1633331775665285}