{"x":28.019142150878908,"y":0.19008684158325196,"z":2.356351137161255}