{"x":27.563554763793947,"y":0.19008582830429078,"z":-3.3172757625579836}