{"x":33.45679473876953,"y":0.19008874893188477,"z":13.061373710632325}