{"x":28.223583221435548,"y":0.18746322393417359,"z":-4.059300422668457}