{"x":33.152687072753909,"y":0.1900842785835266,"z":-11.991744041442871}