{"x":33.91864013671875,"y":0.19008716940879823,"z":4.244204998016357}