{"x":28.264774322509767,"y":0.19008436799049378,"z":-11.374302864074707}