{"x":35.674163818359378,"y":0.19008415937423707,"z":-12.692070960998536}