{"x":33.1226692199707,"y":0.19008877873420716,"z":13.238369941711426}