{"x":27.183752059936525,"y":0.1900867521762848,"z":1.8830326795578004}