{"x":27.48137855529785,"y":0.1900862157344818,"z":-1.1203830242156983}