{"x":33.37389373779297,"y":0.19008418917655946,"z":-12.377188682556153}