{"x":28.021936416625978,"y":0.1900886595249176,"z":12.574462890625}