{"x":33.7619743347168,"y":0.1900859773159027,"z":-2.3896939754486086}