{"x":33.71451950073242,"y":0.1900862157344818,"z":-1.110959768295288}