{"x":36.82390213012695,"y":0.19008678197860719,"z":1.985161542892456}