{"x":30.3864803314209,"y":0.19008582830429078,"z":-3.264094114303589}