{"x":36.92917251586914,"y":0.18746411800384522,"z":0.9611926078796387}