{"x":36.787349700927737,"y":0.190084308385849,"z":-11.839488983154297}