{"x":36.6916618347168,"y":0.1900859773159027,"z":-2.4106242656707765}