{"x":32.75151443481445,"y":0.19008389115333558,"z":-14.134867668151856}