{"x":30.633569717407228,"y":0.1900843381881714,"z":-11.619160652160645}