{"x":33.63901901245117,"y":0.19008585810661317,"z":-3.1672613620758058}