{"x":27.42574119567871,"y":0.19008854031562806,"z":11.88938045501709}