{"x":33.155574798583987,"y":0.19008854031562806,"z":11.878414154052735}