{"x":33.39272689819336,"y":0.19008857011795045,"z":12.01793384552002}