{"x":27.547046661376954,"y":0.19008708000183106,"z":3.669076919555664}