{"x":37.00960922241211,"y":0.19008412957191468,"z":-12.710150718688965}