{"x":35.70256042480469,"y":0.18746322393417359,"z":-4.048270225524902}