{"x":36.01316833496094,"y":0.19008439779281617,"z":-11.263733863830567}