{"x":30.045326232910158,"y":0.19008409976959229,"z":-13.01126766204834}