{"x":30.32491683959961,"y":0.1900869905948639,"z":3.3003547191619875}