{"x":35.98325729370117,"y":0.18746408820152284,"z":0.8300271034240723}