{"x":36.392417907714847,"y":0.1900886595249176,"z":12.48879623413086}