{"x":33.50007629394531,"y":0.19008857011795045,"z":12.104207992553711}