{"x":32.9205207824707,"y":0.1900843381881714,"z":-11.553228378295899}