{"x":27.3464298248291,"y":0.19008669257164002,"z":1.4838385581970215}