{"x":27.472400665283204,"y":0.19008710980415345,"z":3.943716287612915}