{"x":30.664281845092775,"y":0.19008439779281617,"z":-11.289265632629395}