{"x":35.919742584228519,"y":0.19008854031562806,"z":11.963704109191895}