{"x":33.79317092895508,"y":0.19008854031562806,"z":11.902103424072266}