{"x":27.802087783813478,"y":0.19008615612983704,"z":-1.4105503559112549}