{"x":34.03474426269531,"y":0.19008439779281617,"z":-11.285663604736329}