{"x":31.02568817138672,"y":0.19008409976959229,"z":-12.8861665725708}