{"x":33.57181930541992,"y":0.19008868932724,"z":12.792011260986329}