{"x":31.37822723388672,"y":0.1900862753391266,"z":-0.764458417892456}