{"x":36.785980224609378,"y":0.19008594751358033,"z":-2.5803582668304445}