{"x":30.483686447143556,"y":0.19008412957191468,"z":-12.839457511901856}