{"x":34.03377914428711,"y":0.1900886595249176,"z":12.602507591247559}