{"x":29.585342407226564,"y":0.19008421897888184,"z":-12.354028701782227}