{"x":27.54662322998047,"y":0.19008585810661317,"z":-3.1695797443389894}