{"x":30.900880813598634,"y":0.1900886595249176,"z":12.500677108764649}