{"x":27.217235565185548,"y":0.19008859992027284,"z":12.183605194091797}