{"x":35.50307083129883,"y":0.19008857011795045,"z":12.00829029083252}