{"x":33.51494598388672,"y":0.19008851051330567,"z":11.761874198913575}