{"x":32.3044548034668,"y":0.18746408820152284,"z":0.8137483596801758}