{"x":30.961807250976564,"y":0.19008612632751466,"z":-1.619213342666626}