{"x":27.378639221191408,"y":0.19008716940879823,"z":4.195271968841553}