{"x":36.48659133911133,"y":0.19008409976959229,"z":-12.923701286315918}