{"x":27.748348236083986,"y":0.19008591771125794,"z":-2.8434689044952394}