{"x":26.99970817565918,"y":0.19008684158325196,"z":2.3840839862823488}