{"x":27.229230880737306,"y":0.19008579850196839,"z":-3.379171133041382}