{"x":27.436655044555665,"y":0.1900842785835266,"z":-11.881312370300293}