{"x":35.6966552734375,"y":0.19008636474609376,"z":-0.3481330871582031}