{"x":30.744112014770509,"y":0.19008612632751466,"z":-1.5552160739898682}