{"x":30.57040786743164,"y":0.19008418917655946,"z":-12.382134437561036}