{"x":30.309953689575197,"y":0.1900860071182251,"z":-2.255098581314087}