{"x":33.219818115234378,"y":0.19008418917655946,"z":-12.523781776428223}