{"x":28.977083206176759,"y":0.18746304512023927,"z":-4.972618103027344}