{"x":30.956302642822267,"y":0.1900843381881714,"z":-11.686746597290039}