{"x":36.74667739868164,"y":0.1900843381881714,"z":-11.583076477050782}