{"x":26.948579788208009,"y":0.1874620020389557,"z":-10.848736763000489}