{"x":36.53854751586914,"y":0.19008421897888184,"z":-12.324932098388672}