{"x":27.445316314697267,"y":0.19008591771125794,"z":-2.8017213344573976}