{"x":30.826440811157228,"y":0.19008594751358033,"z":-2.661924123764038}