{"x":27.16507911682129,"y":0.19008857011795045,"z":11.995368003845215}