{"x":33.435462951660159,"y":0.19008424878120423,"z":-12.133450508117676}