{"x":26.97945213317871,"y":0.19008880853652955,"z":13.392844200134278}