{"x":35.491172790527347,"y":0.19008874893188477,"z":12.978819847106934}