{"x":36.01093292236328,"y":0.19008702039718629,"z":3.311016321182251}