{"x":27.11370849609375,"y":0.19008871912956239,"z":12.910283088684082}