{"x":27.55794906616211,"y":0.1900857388973236,"z":-3.93933367729187}