{"x":29.712217330932618,"y":0.19008678197860719,"z":2.0955424308776857}