{"x":33.544654846191409,"y":0.19008421897888184,"z":-12.234602928161621}