{"x":27.74605941772461,"y":0.190085768699646,"z":-3.674405813217163}