{"x":35.62181091308594,"y":0.18746411800384522,"z":0.944974422454834}