{"x":27.71719741821289,"y":0.19008871912956239,"z":12.95712661743164}