{"x":36.50851058959961,"y":0.19008868932724,"z":12.705787658691407}