{"x":33.115440368652347,"y":0.19008585810661317,"z":-3.1817963123321535}