{"x":36.957130432128909,"y":0.19008582830429078,"z":-3.3090574741363527}