{"x":33.827720642089847,"y":0.19008880853652955,"z":13.337250709533692}