{"x":37.58167266845703,"y":0.1900840401649475,"z":-13.344563484191895}