{"x":36.57355499267578,"y":0.19008418917655946,"z":-12.452849388122559}