{"x":30.36374282836914,"y":0.19008857011795045,"z":12.10638427734375}