{"x":30.597944259643556,"y":0.19008868932724,"z":12.699921607971192}