{"x":27.904190063476564,"y":0.19008415937423707,"z":-12.586674690246582}