{"x":26.910921096801759,"y":0.19008716940879823,"z":4.220897674560547}