{"x":31.21865463256836,"y":0.19008728861808778,"z":4.839499473571777}