{"x":28.730741500854493,"y":0.18746361136436463,"z":-1.7429656982421876}