{"x":29.0164852142334,"y":0.1874617636203766,"z":-12.162308692932129}