{"x":27.628023147583009,"y":0.1874631941318512,"z":-4.228799819946289}