{"x":36.04290008544922,"y":0.19008612632751466,"z":-1.6939046382904053}