{"x":29.825963973999025,"y":0.19008854031562806,"z":11.832795143127442}