{"x":31.02324104309082,"y":0.1900871992111206,"z":4.303244590759277}