{"x":30.476009368896486,"y":0.1900860071182251,"z":-2.319406270980835}