{"x":30.68757438659668,"y":0.19008678197860719,"z":1.9694596529006959}