{"x":27.104265213012697,"y":0.1900862753391266,"z":-0.9197947978973389}