{"x":30.798412322998048,"y":0.19008713960647584,"z":4.129135608673096}