{"x":30.01685905456543,"y":0.19008681178092957,"z":2.1445579528808595}