{"x":33.4199333190918,"y":0.1900840401649475,"z":-13.30602741241455}