{"x":35.7924919128418,"y":0.19008409976959229,"z":-13.029961585998536}