{"x":30.103994369506837,"y":0.19008409976959229,"z":-12.963250160217286}