{"x":30.234834671020509,"y":0.19008716940879823,"z":4.290791988372803}