{"x":30.56976318359375,"y":0.19008424878120423,"z":-12.11363410949707}