{"x":32.92349624633789,"y":0.190084308385849,"z":-11.717803001403809}