{"x":33.60581970214844,"y":0.19008678197860719,"z":2.0354557037353517}