{"x":33.63434600830078,"y":0.19008615612983704,"z":-1.4408347606658936}