{"x":26.796586990356447,"y":0.19008439779281617,"z":-11.259044647216797}