{"x":35.9338493347168,"y":0.19008854031562806,"z":11.82242202758789}