{"x":33.117733001708987,"y":0.19008702039718629,"z":3.422632932662964}