{"x":27.293962478637697,"y":0.19008418917655946,"z":-12.44896125793457}