{"x":33.37080383300781,"y":0.1900860071182251,"z":-2.3249709606170656}