{"x":27.122406005859376,"y":0.19008687138557435,"z":2.55222225189209}