{"x":30.20501136779785,"y":0.19008409976959229,"z":-12.873064994812012}