{"x":35.7890510559082,"y":0.19008868932724,"z":12.707316398620606}