{"x":33.529388427734378,"y":0.19008421897888184,"z":-12.259342193603516}