{"x":33.74559783935547,"y":0.19008570909500123,"z":-3.9439170360565187}