{"x":30.121482849121095,"y":0.19008684158325196,"z":2.3101418018341066}