{"x":27.91245460510254,"y":0.18746313452720643,"z":-4.468085289001465}