{"x":29.964218139648439,"y":0.1874631643295288,"z":-4.3572998046875}