{"x":30.008262634277345,"y":0.19008716940879823,"z":4.142759799957275}