{"x":28.260635375976564,"y":0.19008582830429078,"z":-3.274587392807007}