{"x":32.89771270751953,"y":0.19008702039718629,"z":3.429940700531006}