{"x":26.742345809936525,"y":0.1874619722366333,"z":-10.991414070129395}