{"x":33.38104248046875,"y":0.19008859992027284,"z":12.069046020507813}