{"x":27.23426055908203,"y":0.1900867223739624,"z":1.761356234550476}