{"x":27.982603073120118,"y":0.1900869607925415,"z":3.0309557914733888}