{"x":31.266447067260743,"y":0.190084308385849,"z":-11.742036819458008}