{"x":33.43851852416992,"y":0.19008579850196839,"z":-3.485642671585083}