{"x":30.32822608947754,"y":0.19008418917655946,"z":-12.520079612731934}