{"x":30.66683578491211,"y":0.19008442759513856,"z":-11.197909355163575}