{"x":30.303964614868165,"y":0.190084308385849,"z":-11.808126449584961}