{"x":37.146236419677737,"y":0.19008678197860719,"z":2.0634045600891115}