{"x":33.57196807861328,"y":0.19008868932724,"z":12.698907852172852}