{"x":29.75901985168457,"y":0.1900867521762848,"z":1.8233294486999512}