{"x":34.05270004272461,"y":0.19008579850196839,"z":-3.5889322757720949}