{"x":32.44891357421875,"y":0.19008636474609376,"z":-0.3195993900299072}