{"x":33.2005500793457,"y":0.19008681178092957,"z":2.140338659286499}