{"x":29.326128005981447,"y":0.19008415937423707,"z":-12.54904842376709}