{"x":30.846158981323243,"y":0.18746593594551087,"z":11.222362518310547}