model,split,n_model,n_human,mse_duration,mse_distance,mse_accumulated_head_turns,mse_overall,acc_diff,composite,wd_duration,kl_duration,wd_distance,kl_distance,wd_head_turns,kl_head_turns,m2_duration_rmse_means_norm,m2_distance_rmse_means_norm,m2_accumulated_head_turns_rmse_means_norm,m2_estimate_correct_rmse_means_norm,m2_duration_wd_norm,m2_duration_kl,m2_distance_wd_norm,m2_distance_kl,m2_accumulated_head_turns_wd_norm,m2_accumulated_head_turns_kl,m2_duration_corr_means,m2_duration_effects_rmse_norm,m2_distance_corr_means,m2_distance_effects_rmse_norm,m2_accumulated_head_turns_corr_means,m2_accumulated_head_turns_effects_rmse_norm,m2_estimate_correct_corr_means,m2_estimate_correct_effects_rmse_norm,composite_v2
test_sensonaut_chi2026,overall,3240,3189,0.8647141456862352,0.2977712977440256,7287.857974923432,2429.673486788954,0.01724243057733177,971.879740173928,0.9798200110989012,0.2794181521641823,0.4449780134583793,23.5394094446269,83.50305982502205,0.6126580166192944,0.7988635939629641,1.5199920953521429,1.7284191340828972,0.9442827482539586,0.41535396824879234,0.27941815216418187,0.7997853404696633,23.539409444626905,0.7620090168686466,0.6126580166192945,0.7209511698022408,1.1307873446525643,0.6161691511513828,0.6413766741809044,0.9413869880945982,0.2641774341491519,0.7294859545364218,0.8688077562726687,1.1043823586398664
test_sensonaut_chi2026,success,2985,2993,1.0407531326528785,0.35058436742577875,7702.726035110675,2568.0391242035844,0.0,1027.215649681434,0.9872978037633973,0.2874239788506732,0.48268062902595305,23.61475260352456,84.7217425108032,0.6308633983562693,0.857594360128804,1.57567203499158,1.7314171191283856,0.0,0.44392886859864983,0.28742397885067295,0.892540038892903,23.61475260352457,0.768675410992808,0.630863398356269,0.6693068458626308,1.1792923799699777,0.5598034528112992,0.6970097071490067,0.9183136029638079,0.33956462561218453,,0.0,1.0404351383376829
test_sensonaut_chi2026,failure,255,196,3.5276766819340954,2.2182858112294532,7716.9214279203425,2574.222463471169,0.0,1029.6889853884675,1.0517766671554112,0.9347077975132232,0.28750885446601904,24.86130795147805,69.42410803573254,5.699639059096179,0.9921837334759146,1.5090615083409895,1.3614567109498208,0.0,0.3086199140714234,0.9347077975132234,0.23991525603259106,24.86130795147805,0.6620007752288941,5.699639059096177,,1.4687936241786959,,1.5023614447075213,,1.0689539079599926,,0.0,1.5019549681295654
