{"x":33.510162353515628,"y":0.19008702039718629,"z":3.3402259349823}