{"x":36.78179168701172,"y":0.1900886595249176,"z":12.627527236938477}