{"x":35.58311462402344,"y":0.19008436799049378,"z":-11.414101600646973}