{"x":28.141368865966798,"y":0.19008883833885194,"z":13.521636009216309}