{"x":33.15040969848633,"y":0.1874631643295288,"z":-4.334312438964844}