{"x":27.348512649536134,"y":0.18746322393417359,"z":-4.017805099487305}