{"x":30.356351852416993,"y":0.1900840699672699,"z":-13.181239128112793}