{"x":31.56495475769043,"y":0.18746593594551087,"z":11.163047790527344}