{"x":30.02843475341797,"y":0.19008678197860719,"z":2.085360288619995}