{"x":33.437530517578128,"y":0.190085768699646,"z":-3.6406257152557375}