{"x":33.787574768066409,"y":0.19008862972259522,"z":12.41335678100586}