{"x":27.788732528686525,"y":0.19008412957191468,"z":-12.812983512878418}