{"x":33.77009963989258,"y":0.19008708000183106,"z":3.7842862606048586}