{"x":30.6329402923584,"y":0.1900871992111206,"z":4.35331916809082}