{"x":27.783946990966798,"y":0.19008859992027284,"z":12.165584564208985}