{"x":33.58364486694336,"y":0.19008415937423707,"z":-12.661206245422364}