{"x":29.70909881591797,"y":0.18746212124824525,"z":-10.220538139343262}