{"x":36.67521286010742,"y":0.19008848071098329,"z":11.61935806274414}