{"x":36.25872802734375,"y":0.190085768699646,"z":-3.5772616863250734}