{"x":27.44936180114746,"y":0.19008612632751466,"z":-1.6196162700653077}