{"x":34.64094543457031,"y":0.19008412957191468,"z":-12.768959999084473}