{"x":30.304981231689454,"y":0.18746405839920045,"z":0.6356296539306641}