{"x":28.154170989990236,"y":0.19008678197860719,"z":2.1257052421569826}