{"x":35.98788833618164,"y":0.190084308385849,"z":-11.731266975402832}