{"x":30.72756576538086,"y":0.1900862455368042,"z":-0.8847897052764893}