{"x":36.81723403930664,"y":0.19008570909500123,"z":-3.893112897872925}