{"x":33.7210578918457,"y":0.19008708000183106,"z":3.7424204349517824}