{"x":32.98521041870117,"y":0.19008421897888184,"z":-12.213621139526368}