{"x":36.091373443603519,"y":0.19008418917655946,"z":-12.416083335876465}