{"x":36.43449783325195,"y":0.19008862972259522,"z":12.38039779663086}