{"x":35.434974670410159,"y":0.19008424878120423,"z":-12.053071022033692}