{"x":32.771793365478519,"y":0.190084308385849,"z":-11.820825576782227}