{"x":33.38689041137695,"y":0.1900862157344818,"z":-1.1897246837615967}