{"x":31.194305419921876,"y":0.19008436799049378,"z":-11.45454216003418}