{"x":30.224519729614259,"y":0.1900843381881714,"z":-11.559983253479004}