{"x":28.57448387145996,"y":0.1874631941318512,"z":-4.092878341674805}