{"x":26.841886520385743,"y":0.19008618593215943,"z":-1.2722928524017335}