{"x":30.22477149963379,"y":0.190084308385849,"z":-11.84531307220459}