{"x":36.076961517333987,"y":0.19008678197860719,"z":2.1193795204162599}