{"x":32.992305755615237,"y":0.19008415937423707,"z":-12.638169288635254}