{"x":27.972415924072267,"y":0.19008877873420716,"z":13.170697212219239}