{"x":36.63948059082031,"y":0.190084308385849,"z":-11.74374008178711}