{"x":34.31211471557617,"y":0.19008868932724,"z":12.754251480102539}