{"x":28.330068588256837,"y":0.19008424878120423,"z":-12.142000198364258}