{"x":33.23542785644531,"y":0.19008630514144898,"z":-0.628004789352417}