{"x":30.907508850097658,"y":0.19008439779281617,"z":-11.26582145690918}