{"x":33.3515625,"y":0.19008421897888184,"z":-12.19809627532959}