{"x":30.221284866333009,"y":0.19008854031562806,"z":12.076264381408692}