{"x":33.9652214050293,"y":0.19008868932724,"z":12.746454238891602}