{"x":27.501678466796876,"y":0.19008615612983704,"z":-1.4813458919525147}