{"x":34.008697509765628,"y":0.1900860071182251,"z":-2.2567269802093508}