{"x":33.369808197021487,"y":0.19008588790893556,"z":-2.920670747756958}