{"x":27.001405715942384,"y":0.19008606672286988,"z":-1.8830673694610596}