{"x":26.928157806396486,"y":0.19008615612983704,"z":-1.4153878688812256}