{"x":35.508663177490237,"y":0.1900860071182251,"z":-2.325820207595825}