{"x":27.363054275512697,"y":0.19008579850196839,"z":-3.478591203689575}