{"x":36.11396789550781,"y":0.18746396899223329,"z":0.17489241063594819}