{"x":36.140838623046878,"y":0.19008690118789674,"z":2.6497559547424318}