{"x":33.02510452270508,"y":0.19008418917655946,"z":-12.438109397888184}