{"x":30.700040817260743,"y":0.190084308385849,"z":-11.783027648925782}