{"x":36.22855758666992,"y":0.19008687138557435,"z":2.6330807209014894}