{"x":36.682594299316409,"y":0.19008669257164002,"z":1.468752384185791}