{"x":36.91132354736328,"y":0.18746599555015565,"z":11.527999877929688}