{"x":33.31057357788086,"y":0.19008436799049378,"z":-11.40400505065918}