{"x":30.74344253540039,"y":0.19008851051330567,"z":11.658933639526368}