{"x":30.6538028717041,"y":0.19008415937423707,"z":-12.621071815490723}