{"x":36.09211349487305,"y":0.19008582830429078,"z":-3.238863706588745}