{"x":27.684661865234376,"y":0.19008615612983704,"z":-1.3651878833770753}