{"x":36.688316345214847,"y":0.19008424878120423,"z":-12.165936470031739}