{"x":28.1549072265625,"y":0.19008862972259522,"z":12.417975425720215}