{"x":35.684104919433597,"y":0.19008851051330567,"z":11.70199966430664}