{"x":28.5052433013916,"y":0.19008851051330567,"z":11.677983283996582}