{"x":30.836580276489259,"y":0.19008421897888184,"z":-12.245468139648438}