{"x":33.02691650390625,"y":0.19008857011795045,"z":12.123458862304688}