{"x":27.961544036865236,"y":0.190084308385849,"z":-11.856995582580567}