{"x":28.85116958618164,"y":0.1874661147594452,"z":12.102800369262696}