{"x":28.17147445678711,"y":0.19008567929267884,"z":-3.9759953022003176}