{"x":27.726743698120118,"y":0.19008859992027284,"z":12.22071647644043}