{"x":33.477027893066409,"y":0.19008868932724,"z":12.640454292297364}