{"x":33.80516052246094,"y":0.190084308385849,"z":-11.71121883392334}