{"x":33.77976989746094,"y":0.1874619722366333,"z":-10.917632102966309}