{"x":36.76316452026367,"y":0.19008868932724,"z":12.686291694641114}