{"x":35.753509521484378,"y":0.19008877873420716,"z":13.191689491271973}