{"x":30.775981903076173,"y":0.19008436799049378,"z":-11.393783569335938}