{"x":28.21945571899414,"y":0.19008424878120423,"z":-12.134082794189454}