{"x":30.664344787597658,"y":0.19008868932724,"z":12.755144119262696}