{"x":33.19744110107422,"y":0.19008681178092957,"z":2.1445884704589845}