{"x":35.995304107666019,"y":0.1900869607925415,"z":3.0765292644500734}