{"x":27.76176643371582,"y":0.1900867521762848,"z":1.8678404092788697}