{"x":27.156902313232423,"y":0.19008705019950868,"z":3.495389699935913}