{"x":30.404701232910158,"y":0.19008859992027284,"z":12.147793769836426}