{"x":29.666101455688478,"y":0.19008702039718629,"z":3.3394932746887209}