{"x":27.718360900878908,"y":0.19008859992027284,"z":12.21555233001709}