{"x":36.114810943603519,"y":0.19008442759513856,"z":-11.184852600097657}