{"x":30.365951538085939,"y":0.19008862972259522,"z":12.285171508789063}