{"x":32.736328125,"y":0.19008618593215943,"z":-1.318920373916626}