{"x":27.201019287109376,"y":0.1900862157344818,"z":-1.1222550868988038}