{"x":30.395769119262697,"y":0.19008862972259522,"z":12.450705528259278}