{"x":30.517446517944337,"y":0.19008854031562806,"z":11.9284029006958}