{"x":30.50215721130371,"y":0.19008702039718629,"z":3.3533174991607668}