{"x":30.23966407775879,"y":0.19008862972259522,"z":12.41320514678955}