{"x":32.84945297241211,"y":0.1900862455368042,"z":-1.0082423686981202}