{"x":30.271739959716798,"y":0.19008708000183106,"z":3.7457449436187746}