{"x":27.767539978027345,"y":0.19008424878120423,"z":-12.082030296325684}