{"x":33.597503662109378,"y":0.1900857388973236,"z":-3.5837996006011965}