{"x":27.282472610473634,"y":0.1900857388973236,"z":-3.6625468730926515}