{"x":35.54476547241211,"y":0.1900840699672699,"z":-13.035416603088379}