{"x":31.16718292236328,"y":0.19008603692054749,"z":-2.0784947872161867}