{"x":32.96747970581055,"y":0.19008708000183106,"z":3.7063937187194826}