{"x":33.61579132080078,"y":0.19008874893188477,"z":13.134029388427735}