{"x":27.44246482849121,"y":0.1900860071182251,"z":-2.361851453781128}