{"x":27.247713088989259,"y":0.19008436799049378,"z":-11.518044471740723}