{"x":30.400175094604493,"y":0.19008439779281617,"z":-11.207761764526368}