{"x":30.445987701416017,"y":0.19008409976959229,"z":-12.950217247009278}