{"x":33.43260192871094,"y":0.1900886595249176,"z":12.570843696594239}