{"x":30.137142181396486,"y":0.190084308385849,"z":-11.711122512817383}