{"x":33.641082763671878,"y":0.19008854031562806,"z":12.025551795959473}