{"x":30.29696273803711,"y":0.1900867223739624,"z":1.6833277940750123}