{"x":27.186786651611329,"y":0.19008615612983704,"z":-1.4552676677703858}