{"x":35.933380126953128,"y":0.19008609652519227,"z":-1.7194998264312745}