{"x":36.064571380615237,"y":0.19008424878120423,"z":-12.142027854919434}