{"x":36.43104934692383,"y":0.19008871912956239,"z":12.836553573608399}