{"x":33.132564544677737,"y":0.1900869905948639,"z":3.292433023452759}