{"x":27.169567108154298,"y":0.19008609652519227,"z":-1.852834939956665}