{"x":30.334209442138673,"y":0.19008666276931764,"z":1.4016802310943604}