{"x":35.386634826660159,"y":0.19008570909500123,"z":-3.900973081588745}