{"x":32.60380935668945,"y":0.19008666276931764,"z":1.3785085678100587}