{"x":27.22413444519043,"y":0.19008851051330567,"z":11.787827491760254}