{"x":29.94559097290039,"y":0.1900842785835266,"z":-11.945752143859864}