{"x":27.902013778686525,"y":0.190085768699646,"z":-3.565277338027954}