{"x":27.48032569885254,"y":0.19008669257164002,"z":1.5321376323699952}