{"x":30.312908172607423,"y":0.1900886595249176,"z":12.579887390136719}