{"x":29.8367862701416,"y":0.19008439779281617,"z":-11.255141258239746}