{"x":31.33740997314453,"y":0.19008570909500123,"z":-3.8997585773468019}