{"x":30.315906524658204,"y":0.19008687138557435,"z":2.497199535369873}