{"x":28.470170974731447,"y":0.1900867521762848,"z":1.8182194232940674}