{"x":32.68084716796875,"y":0.19008436799049378,"z":-11.45298957824707}