{"x":33.610557556152347,"y":0.1874631941318512,"z":-4.176177978515625}