{"x":36.64188003540039,"y":0.19008705019950868,"z":3.5557663440704347}