{"x":27.208404541015626,"y":0.1900843381881714,"z":-11.54088020324707}