{"x":32.7763786315918,"y":0.19008859992027284,"z":12.201313018798829}