{"x":34.81703567504883,"y":0.18746596574783326,"z":11.423540115356446}