{"x":33.56678009033203,"y":0.19008615612983704,"z":-1.435558557510376}