{"x":30.20172882080078,"y":0.190085768699646,"z":-3.6269638538360597}