{"x":30.162797927856447,"y":0.19008868932724,"z":12.647178649902344}