{"x":33.65562438964844,"y":0.1900871992111206,"z":4.425136566162109}