{"x":26.991962432861329,"y":0.19008874893188477,"z":12.985452651977539}