{"x":27.67060661315918,"y":0.19008848071098329,"z":11.610457420349121}