{"x":28.592214584350587,"y":0.19008854031562806,"z":11.916402816772461}