{"x":27.060537338256837,"y":0.1900886595249176,"z":12.582819938659668}