{"x":36.7828369140625,"y":0.19008663296699525,"z":1.222994327545166}