{"x":30.607881546020509,"y":0.19008868932724,"z":12.673454284667969}