{"x":28.45256233215332,"y":0.19008415937423707,"z":-12.674210548400879}