{"x":33.390708923339847,"y":0.19008588790893556,"z":-2.873603582382202}