{"x":30.34763526916504,"y":0.19008710980415345,"z":3.940387010574341}