{"x":30.44765853881836,"y":0.19008708000183106,"z":3.7721376419067385}