{"x":31.117704391479493,"y":0.19008615612983704,"z":-1.4264323711395264}