{"x":32.92930221557617,"y":0.19008713960647584,"z":4.016019344329834}