{"x":26.96052360534668,"y":0.1900867223739624,"z":1.7412867546081544}