{"x":33.208126068115237,"y":0.19008609652519227,"z":-1.818756341934204}