{"x":29.53832244873047,"y":0.19008725881576539,"z":4.655327796936035}