{"x":33.285301208496097,"y":0.1900867223739624,"z":1.7865079641342164}