{"x":35.63802719116211,"y":0.19008421897888184,"z":-12.28249740600586}