{"x":32.99797821044922,"y":0.19008854031562806,"z":11.921361923217774}