{"x":26.7388973236084,"y":0.19008713960647584,"z":3.958085298538208}