{"x":27.838241577148439,"y":0.19008424878120423,"z":-12.189689636230469}