{"x":30.67076301574707,"y":0.19008588790893556,"z":-2.9607837200164797}