{"x":28.53276252746582,"y":0.1900843381881714,"z":-11.657937049865723}