{"x":27.222389221191408,"y":0.19008702039718629,"z":3.377631902694702}