{"x":33.11519241333008,"y":0.1900842785835266,"z":-11.948444366455079}