{"x":33.65430450439453,"y":0.19008409976959229,"z":-12.918267250061036}