{"x":36.8980598449707,"y":0.19008687138557435,"z":2.491382360458374}