{"x":35.39266586303711,"y":0.190084308385849,"z":-11.697980880737305}