{"x":27.60582160949707,"y":0.1900860071182251,"z":-2.2345921993255617}