{"x":33.87519073486328,"y":0.19008421897888184,"z":-12.234488487243653}