{"x":32.88129425048828,"y":0.19008859992027284,"z":12.251005172729493}