{"x":27.06882667541504,"y":0.190085768699646,"z":-3.650136709213257}