{"x":34.100975036621097,"y":0.19008851051330567,"z":11.735950469970704}