{"x":30.931377410888673,"y":0.1900840699672699,"z":-13.097373008728028}