{"x":30.717199325561525,"y":0.19008409976959229,"z":-13.000479698181153}