{"x":33.566978454589847,"y":0.19008424878120423,"z":-12.092398643493653}