{"x":27.320186614990236,"y":0.19008848071098329,"z":11.724224090576172}