{"x":32.68337631225586,"y":0.1900871992111206,"z":4.348916053771973}