{"x":27.19853401184082,"y":0.1900886595249176,"z":12.510268211364746}