{"x":33.214332580566409,"y":0.19008585810661317,"z":-3.11653208732605}