{"x":27.360586166381837,"y":0.1900843381881714,"z":-11.673640251159668}