{"x":36.986976623535159,"y":0.19008609652519227,"z":-1.7037365436553956}