{"x":32.81630325317383,"y":0.19008585810661317,"z":-3.099914789199829}