{"x":31.117061614990236,"y":0.19008708000183106,"z":3.7929399013519289}