{"x":29.3624267578125,"y":0.1900857388973236,"z":-3.927569627761841}