{"x":36.28751754760742,"y":0.1900859773159027,"z":-2.524224042892456}