{"x":33.133331298828128,"y":0.19008418917655946,"z":-12.372933387756348}