{"x":30.97057342529297,"y":0.19008660316467286,"z":1.0489957332611085}