{"x":33.20158386230469,"y":0.19008606672286988,"z":-2.0228683948516847}