{"x":33.984413146972659,"y":0.19008436799049378,"z":-11.481717109680176}