{"x":33.420860290527347,"y":0.1900862455368042,"z":-0.8775217533111572}