{"x":27.56189727783203,"y":0.19008702039718629,"z":3.3720593452453615}