{"x":30.81442642211914,"y":0.19008591771125794,"z":-2.821796178817749}