{"x":27.504894256591798,"y":0.19008442759513856,"z":-11.101365089416504}