{"x":35.90510177612305,"y":0.1900843381881714,"z":-11.636005401611329}