{"x":27.315288543701173,"y":0.19008690118789674,"z":2.777433156967163}