{"x":30.336528778076173,"y":0.19008725881576539,"z":4.672569274902344}