{"x":30.256567001342775,"y":0.19008687138557435,"z":2.476583242416382}