{"x":33.10737228393555,"y":0.19008392095565797,"z":-13.910422325134278}