{"x":29.924713134765626,"y":0.19008687138557435,"z":2.623086929321289}