{"x":36.48942947387695,"y":0.19008591771125794,"z":-2.8636043071746828}