{"x":30.52554702758789,"y":0.1874658465385437,"z":10.732400894165039}