{"x":33.55565643310547,"y":0.1900860071182251,"z":-2.2277724742889406}