{"x":27.987895965576173,"y":0.19008421897888184,"z":-12.348480224609375}