{"x":30.437999725341798,"y":0.19008421897888184,"z":-12.199809074401856}