{"x":33.16917037963867,"y":0.19008579850196839,"z":-3.4301159381866457}