{"x":30.579105377197267,"y":0.19008415937423707,"z":-12.596404075622559}