{"x":33.745540618896487,"y":0.19008857011795045,"z":11.903841972351075}