{"x":29.480331420898439,"y":0.19008716940879823,"z":4.232410907745361}