{"x":27.214866638183595,"y":0.19008684158325196,"z":2.3995566368103029}