{"x":33.43142318725586,"y":0.19008684158325196,"z":2.4320883750915529}