{"x":29.935911178588868,"y":0.19008412957191468,"z":-12.809796333312989}