{"x":32.99970626831055,"y":0.190084308385849,"z":-11.757647514343262}