{"x":31.064929962158204,"y":0.19008666276931764,"z":1.3708717823028565}