{"x":27.032983779907228,"y":0.19008579850196839,"z":-3.371187925338745}