{"x":30.383928298950197,"y":0.19008710980415345,"z":3.902312994003296}