{"x":33.44676971435547,"y":0.19008582830429078,"z":-3.2822582721710207}