{"x":30.686704635620118,"y":0.18746596574783326,"z":11.291994094848633}