{"x":30.679689407348634,"y":0.19008857011795045,"z":11.988962173461914}