{"x":27.93147087097168,"y":0.1900842785835266,"z":-11.899721145629883}