{"x":27.50979995727539,"y":0.190084308385849,"z":-11.725569725036621}