{"x":30.609716415405275,"y":0.19008418917655946,"z":-12.496504783630371}