{"x":30.773712158203126,"y":0.1900859773159027,"z":-2.369856595993042}