{"x":36.495243072509769,"y":0.19008418917655946,"z":-12.361478805541993}