{"x":34.16727066040039,"y":0.19008636474609376,"z":-0.36246705055236819}