{"x":27.535560607910158,"y":0.19008579850196839,"z":-3.3929660320281984}