{"x":30.75974464416504,"y":0.1900842785835266,"z":-11.995570182800293}