{"x":36.15081024169922,"y":0.19008585810661317,"z":-3.0369999408721926}