{"x":33.66029357910156,"y":0.1900862455368042,"z":-1.0072028636932374}