{"x":36.519493103027347,"y":0.19008442759513856,"z":-11.119986534118653}