{"x":30.463659286499025,"y":0.19008684158325196,"z":2.3214988708496095}