{"x":35.8991813659668,"y":0.19008579850196839,"z":-3.4856784343719484}