{"x":26.989049911499025,"y":0.1874631941318512,"z":-4.12526798248291}