{"x":30.800281524658204,"y":0.190085768699646,"z":-3.6692512035369875}