{"x":32.67935562133789,"y":0.18746408820152284,"z":0.8711719512939453}