{"x":36.87204360961914,"y":0.19008588790893556,"z":-2.9415395259857179}