{"x":31.330734252929689,"y":0.19008854031562806,"z":11.833495140075684}