{"x":27.33563995361328,"y":0.19008708000183106,"z":3.6788408756256105}