{"x":29.87791633605957,"y":0.19008418917655946,"z":-12.364972114562989}