{"x":35.89192199707031,"y":0.19008862972259522,"z":12.363324165344239}