{"x":30.72901153564453,"y":0.19008409976959229,"z":-12.930241584777832}