{"x":27.512004852294923,"y":0.19008412957191468,"z":-12.72005558013916}