{"x":29.643823623657228,"y":0.19008630514144898,"z":-0.5790750980377197}