{"x":29.721364974975587,"y":0.19008716940879823,"z":4.147477149963379}