{"x":32.63056945800781,"y":0.19008585810661317,"z":-3.1174423694610597}