{"x":33.800777435302737,"y":0.18746483325958253,"z":5.0476884841918949}