{"x":27.102876663208009,"y":0.19008678197860719,"z":1.9913277626037598}