{"x":30.979583740234376,"y":0.19008582830429078,"z":-3.2028486728668215}