{"x":33.30550765991211,"y":0.19008594751358033,"z":-2.6276042461395265}