{"x":27.225570678710939,"y":0.1900843381881714,"z":-11.613638877868653}