{"x":29.984161376953126,"y":0.1900842785835266,"z":-11.963726997375489}