{"x":35.59488296508789,"y":0.19008415937423707,"z":-12.597289085388184}