{"x":27.364736557006837,"y":0.19008678197860719,"z":2.0756821632385256}