{"x":30.405925750732423,"y":0.19008591771125794,"z":-2.849369764328003}