{"x":30.79065704345703,"y":0.19008424878120423,"z":-12.075638771057129}