{"x":33.054500579833987,"y":0.19008868932724,"z":12.653579711914063}