{"x":36.69150924682617,"y":0.19008868932724,"z":12.790505409240723}