{"x":27.18251609802246,"y":0.19008582830429078,"z":-3.309166193008423}