{"x":29.8083553314209,"y":0.1900867223739624,"z":1.6987855434417725}