{"x":32.69261932373047,"y":0.1900867223739624,"z":1.7037111520767213}