{"x":30.619016647338868,"y":0.19008681178092957,"z":2.2383289337158205}