{"x":27.030624389648439,"y":0.19008859992027284,"z":12.225393295288086}