{"x":30.331890106201173,"y":0.1874631941318512,"z":-4.273225784301758}