{"x":32.959957122802737,"y":0.19008398056030274,"z":-13.633589744567871}