{"x":30.317161560058595,"y":0.19008412957191468,"z":-12.812479972839356}