{"x":30.39948844909668,"y":0.18746307492256165,"z":-4.896627426147461}