{"x":36.0534553527832,"y":0.19008868932724,"z":12.78239631652832}