{"x":33.748626708984378,"y":0.19008415937423707,"z":-12.601872444152832}