{"x":33.64321517944336,"y":0.19008398056030274,"z":-13.552985191345215}