{"x":27.724699020385743,"y":0.19008669257164002,"z":1.483442783355713}