{"x":27.01511573791504,"y":0.19008883833885194,"z":13.556132316589356}