{"x":30.276769638061525,"y":0.19008409976959229,"z":-13.012104988098145}