{"x":33.72112274169922,"y":0.19008421897888184,"z":-12.30689811706543}