{"x":33.8188362121582,"y":0.18746405839920045,"z":0.7209339141845703}