{"x":27.490711212158204,"y":0.19008588790893556,"z":-3.0175793170928957}