{"x":36.652099609375,"y":0.1900886595249176,"z":12.585739135742188}