{"x":32.986385345458987,"y":0.19008591771125794,"z":-2.7559683322906496}