{"x":27.88999366760254,"y":0.19008418917655946,"z":-12.390889167785645}