{"x":33.35395812988281,"y":0.190084308385849,"z":-11.704583168029786}