{"x":27.751541137695314,"y":0.19008684158325196,"z":2.406365394592285}