{"x":32.475555419921878,"y":0.19008409976959229,"z":-12.95532512664795}