{"x":27.078815460205079,"y":0.19008633494377137,"z":-0.5129492282867432}