{"x":36.27938461303711,"y":0.19008612632751466,"z":-1.655548334121704}