{"x":36.712501525878909,"y":0.19008436799049378,"z":-11.449844360351563}