{"x":33.18330001831055,"y":0.19008606672286988,"z":-1.9863078594207764}