{"x":29.881668090820314,"y":0.19008421897888184,"z":-12.281842231750489}