{"x":27.12039566040039,"y":0.19008669257164002,"z":1.5526443719863892}