{"x":33.2821044921875,"y":0.19008409976959229,"z":-13.030116081237793}