{"x":33.424068450927737,"y":0.19008442759513856,"z":-11.060908317565918}