{"x":30.826799392700197,"y":0.19008859992027284,"z":12.26239013671875}