{"x":27.499589920043947,"y":0.19008857011795045,"z":12.057573318481446}