{"x":27.386816024780275,"y":0.1900840699672699,"z":-13.13025951385498}