{"x":33.489341735839847,"y":0.19008415937423707,"z":-12.56442928314209}