{"x":30.723064422607423,"y":0.19008690118789674,"z":2.6882665157318117}