{"x":30.14287757873535,"y":0.1874658465385437,"z":10.665650367736817}