{"x":30.88754653930664,"y":0.19008421897888184,"z":-12.29483413696289}