{"x":27.499229431152345,"y":0.1900869607925415,"z":3.109644651412964}