{"x":30.639114379882814,"y":0.19008681178092957,"z":2.2140586376190187}