{"x":27.0306453704834,"y":0.1900862157344818,"z":-1.0445215702056885}