{"x":30.892314910888673,"y":0.19008606672286988,"z":-1.8726413249969483}