{"x":27.494247436523439,"y":0.1900842785835266,"z":-11.993389129638672}