{"x":30.978572845458986,"y":0.19008418917655946,"z":-12.51611614227295}