{"x":30.1342830657959,"y":0.19008687138557435,"z":2.587132692337036}