{"x":27.320165634155275,"y":0.19008591771125794,"z":-2.777784585952759}