{"x":32.900978088378909,"y":0.19008708000183106,"z":3.7203476428985597}