{"x":32.95524215698242,"y":0.1900886595249176,"z":12.658370971679688}