{"x":35.96303176879883,"y":0.1900843381881714,"z":-11.690872192382813}