{"x":33.45488357543945,"y":0.19008660316467286,"z":1.029374361038208}