{"x":27.508384704589845,"y":0.19008591771125794,"z":-2.7999789714813234}