{"x":35.62071990966797,"y":0.19008693099021913,"z":2.9631471633911135}