{"x":27.882823944091798,"y":0.18746593594551087,"z":11.100296020507813}