{"x":30.0050048828125,"y":0.190084308385849,"z":-11.704108238220215}