{"x":33.34112548828125,"y":0.19008606672286988,"z":-1.891385793685913}