{"x":35.84525680541992,"y":0.19008439779281617,"z":-11.246232032775879}