{"x":26.936996459960939,"y":0.19008412957191468,"z":-12.704237937927246}