{"x":33.35849380493164,"y":0.19008854031562806,"z":11.846938133239746}