{"x":32.39344024658203,"y":0.19008868932724,"z":12.638147354125977}