{"x":34.006229400634769,"y":0.1900843381881714,"z":-11.581562995910645}