{"x":27.81670570373535,"y":0.19008681178092957,"z":2.1697936058044435}