{"x":30.70199203491211,"y":0.19008874893188477,"z":13.016132354736329}