{"x":31.208280563354493,"y":0.18746405839920045,"z":0.6905131340026856}