{"x":33.52256774902344,"y":0.19008848071098329,"z":11.629348754882813}