{"x":31.705286026000978,"y":0.187463641166687,"z":-1.6082558631896973}