{"x":34.289764404296878,"y":0.19008868932724,"z":12.706783294677735}