{"x":36.18331527709961,"y":0.190085768699646,"z":-3.682039499282837}