{"x":36.0767936706543,"y":0.1900843381881714,"z":-11.637361526489258}