{"x":33.128536224365237,"y":0.19008663296699525,"z":1.315924882888794}