{"x":36.568721771240237,"y":0.190085768699646,"z":-3.708284616470337}