{"x":31.10772705078125,"y":0.18746593594551087,"z":11.210776329040528}