{"x":27.564558029174806,"y":0.19008585810661317,"z":-3.151899576187134}