{"x":29.67222023010254,"y":0.1900842785835266,"z":-11.996152877807618}