{"x":33.15967559814453,"y":0.19008386135101319,"z":-14.30614185333252}