{"x":33.906585693359378,"y":0.19008603692054749,"z":-2.1968934535980226}