{"x":27.956254959106447,"y":0.19008678197860719,"z":2.025238513946533}