{"x":30.096975326538087,"y":0.19008421897888184,"z":-12.056825637817383}