{"x":32.87722396850586,"y":0.1900867223739624,"z":1.6085050106048585}