{"x":27.03260612487793,"y":0.19008418917655946,"z":-12.40877914428711}