{"x":27.01174545288086,"y":0.19008705019950868,"z":3.553842306137085}