{"x":32.38319778442383,"y":0.19008415937423707,"z":-12.456718444824219}