{"x":36.11674880981445,"y":0.19008412957191468,"z":-12.710740089416504}