{"x":27.469606399536134,"y":0.1900842785835266,"z":-12.025793075561524}