{"x":27.888364791870118,"y":0.19008862972259522,"z":12.456024169921875}