{"x":35.68819046020508,"y":0.19008579850196839,"z":-3.466726541519165}