{"x":36.142921447753909,"y":0.19008678197860719,"z":2.025190591812134}