{"x":30.755126953125,"y":0.19008708000183106,"z":3.7719333171844484}