{"x":30.381561279296876,"y":0.1900860071182251,"z":-2.184654474258423}