{"x":37.25672149658203,"y":0.19008880853652955,"z":13.39955997467041}