{"x":33.10893630981445,"y":0.19008412957191468,"z":-12.728974342346192}