{"x":33.33919143676758,"y":0.19008421897888184,"z":-12.304265975952149}