{"x":30.600236892700197,"y":0.19008859992027284,"z":12.178068161010743}