{"x":26.957111358642579,"y":0.1900859773159027,"z":-2.4001333713531496}