{"x":36.297794342041019,"y":0.1900886595249176,"z":12.627168655395508}