{"x":27.323253631591798,"y":0.1874658167362213,"z":10.496652603149414}