{"x":32.875396728515628,"y":0.19008591771125794,"z":-2.8453166484832765}