{"x":27.81694793701172,"y":0.19008418917655946,"z":-12.526442527770996}