{"x":36.527400970458987,"y":0.19008603692054749,"z":-2.0897443294525148}