{"x":27.703187942504884,"y":0.19008582830429078,"z":-3.250391721725464}