{"x":27.36285400390625,"y":0.1900867521762848,"z":2.0876502990722658}