{"x":36.76905822753906,"y":0.19008851051330567,"z":11.79465389251709}