{"x":36.35826873779297,"y":0.19008690118789674,"z":2.6649837493896486}