{"x":30.451610565185548,"y":0.1900842785835266,"z":-12.003769874572754}