{"x":36.94895935058594,"y":0.190084308385849,"z":-11.770797729492188}