{"x":30.066648483276368,"y":0.19008421897888184,"z":-12.239630699157715}