{"x":36.04712677001953,"y":0.19008582830429078,"z":-3.2156870365142824}