{"x":36.500980377197269,"y":0.1900840401649475,"z":-13.223605155944825}