{"x":33.77242660522461,"y":0.19008618593215943,"z":-1.2739803791046143}