{"x":28.085344314575197,"y":0.1900857388973236,"z":-3.7524025440216066}