{"x":27.7838134765625,"y":0.19008862972259522,"z":12.327199935913086}