{"x":27.516786575317384,"y":0.19008606672286988,"z":-1.8660929203033448}