{"x":36.2617301940918,"y":0.19008669257164002,"z":1.5374056100845338}