{"x":27.670570373535158,"y":0.19008421897888184,"z":-12.249589920043946}