{"x":29.949054718017579,"y":0.1900842785835266,"z":-12.006217956542969}