{"x":27.6815242767334,"y":0.19008585810661317,"z":-3.125211000442505}