{"x":30.862403869628908,"y":0.1900869905948639,"z":3.1947624683380129}