{"x":30.3181095123291,"y":0.18746411800384522,"z":0.9544291496276856}