{"x":27.345285415649415,"y":0.1900840401649475,"z":-13.30869197845459}