{"x":33.02397918701172,"y":0.190084308385849,"z":-11.779740333557129}