{"x":35.94843292236328,"y":0.1900869905948639,"z":3.258394479751587}