{"x":33.299964904785159,"y":0.19008442759513856,"z":-11.076963424682618}