{"x":30.806461334228517,"y":0.19008594751358033,"z":-2.4537017345428469}