{"x":36.17226791381836,"y":0.19008708000183106,"z":3.7119226455688478}