{"x":33.304752349853519,"y":0.190087229013443,"z":4.483906269073486}