{"x":30.468788146972658,"y":0.19008615612983704,"z":-1.477626085281372}