{"x":26.785812377929689,"y":0.19008716940879823,"z":4.2284369468688969}