{"x":30.065189361572267,"y":0.19008687138557435,"z":2.4828968048095705}