{"x":37.09735107421875,"y":0.1874631941318512,"z":-4.084617614746094}