{"x":30.570274353027345,"y":0.19008868932724,"z":12.73454475402832}