{"x":30.293455123901368,"y":0.18746596574783326,"z":11.326406478881836}