{"x":27.594200134277345,"y":0.19008585810661317,"z":-2.955172300338745}