{"x":27.30338478088379,"y":0.19008684158325196,"z":2.4098410606384279}