{"x":27.350563049316408,"y":0.19008582830429078,"z":-3.2346994876861574}