{"x":27.617652893066408,"y":0.19008705019950868,"z":3.5245935916900636}