{"x":27.24441146850586,"y":0.19008862972259522,"z":12.367610931396485}