{"x":30.35601234436035,"y":0.19008409976959229,"z":-12.960860252380371}