{"x":30.806562423706056,"y":0.1900857388973236,"z":-3.8349969387054445}