{"x":30.2907772064209,"y":0.1900869905948639,"z":3.224257707595825}