{"x":33.673545837402347,"y":0.1874619722366333,"z":-10.944031715393067}