{"x":33.36841583251953,"y":0.19008681178092957,"z":2.227762222290039}