{"x":37.0706787109375,"y":0.19008418917655946,"z":-12.367091178894043}