{"x":31.296672821044923,"y":0.19008579850196839,"z":-3.3702714443206789}