{"x":33.728912353515628,"y":0.19008705019950868,"z":3.510742664337158}