{"x":33.12171173095703,"y":0.190084308385849,"z":-11.736312866210938}