{"x":34.14649963378906,"y":0.1900886595249176,"z":12.569331169128418}