{"x":30.771257400512697,"y":0.19008588790893556,"z":-2.9713470935821535}