{"x":27.54021644592285,"y":0.19008424878120423,"z":-12.108535766601563}