{"x":33.232940673828128,"y":0.19008857011795045,"z":12.099442481994629}