{"x":36.60090255737305,"y":0.19008678197860719,"z":2.1326582431793215}