{"x":33.02715301513672,"y":0.19008669257164002,"z":1.614081621170044}