{"x":30.901704788208009,"y":0.19008421897888184,"z":-12.288698196411133}