{"x":29.440998077392579,"y":0.19008442759513856,"z":-11.101755142211914}