{"x":29.75186538696289,"y":0.18746203184127809,"z":-10.59096622467041}