{"x":33.685157775878909,"y":0.19008594751358033,"z":-2.5321805477142336}