{"x":27.893369674682618,"y":0.19008669257164002,"z":1.501006841659546}