{"x":27.292036056518556,"y":0.19008439779281617,"z":-11.20207405090332}