{"x":33.515159606933597,"y":0.19008857011795045,"z":12.050873756408692}