{"x":33.69916534423828,"y":0.19008710980415345,"z":3.966707468032837}