{"x":30.085552215576173,"y":0.1900842785835266,"z":-11.98076057434082}