{"x":30.413440704345704,"y":0.19008678197860719,"z":1.9757577180862427}