{"x":33.76484298706055,"y":0.18746599555015565,"z":11.44140625}