{"x":32.05723190307617,"y":0.18746629357337953,"z":13.193979263305664}