{"x":30.85040283203125,"y":0.19008618593215943,"z":-1.279059648513794}