{"x":33.579010009765628,"y":0.19008421897888184,"z":-12.199974060058594}