{"x":33.85455322265625,"y":0.19008588790893556,"z":-2.9104063510894777}