{"x":30.222978591918947,"y":0.19008669257164002,"z":1.6039482355117798}