{"x":27.433683395385743,"y":0.1900859773159027,"z":-2.5286219120025636}