{"x":29.94535255432129,"y":0.19008713960647584,"z":3.9693026542663576}