{"x":28.15064811706543,"y":0.19008612632751466,"z":-1.6094696521759034}