{"x":30.684988021850587,"y":0.19008436799049378,"z":-11.42334270477295}