{"x":30.653959274291993,"y":0.19008868932724,"z":12.776910781860352}