{"x":30.516712188720704,"y":0.19008636474609376,"z":-0.30530357360839846}