{"x":33.62999725341797,"y":0.19008579850196839,"z":-3.409851312637329}