{"x":30.42152214050293,"y":0.19008678197860719,"z":2.0952253341674806}