{"x":29.973800659179689,"y":0.19008418917655946,"z":-12.471776962280274}