{"x":28.198591232299806,"y":0.19008871912956239,"z":12.814241409301758}