{"x":35.96009826660156,"y":0.19008859992027284,"z":12.178094863891602}