{"x":35.47096633911133,"y":0.19008859992027284,"z":12.293278694152832}