{"x":36.12360763549805,"y":0.1900869905948639,"z":3.2564773559570314}