{"x":33.62508010864258,"y":0.19008868932724,"z":12.640690803527832}