{"x":27.490983963012697,"y":0.19008582830429078,"z":-3.3754236698150636}