{"x":30.801237106323243,"y":0.19008418917655946,"z":-12.488943099975586}