{"x":30.35575294494629,"y":0.19008415937423707,"z":-12.61464786529541}