{"x":32.843536376953128,"y":0.1900842785835266,"z":-11.986674308776856}