{"x":32.95707702636719,"y":0.19008424878120423,"z":-12.092610359191895}