{"x":26.986387252807618,"y":0.1900842785835266,"z":-11.99472713470459}