{"x":28.02535057067871,"y":0.19008690118789674,"z":2.7687153816223146}