{"x":27.99614906311035,"y":0.1900867223739624,"z":1.7067372798919678}