{"x":27.902185440063478,"y":0.19008854031562806,"z":11.809382438659668}