{"x":33.74485397338867,"y":0.1900862455368042,"z":-0.9168717861175537}