{"x":30.955699920654298,"y":0.1900843381881714,"z":-11.650639533996582}