{"x":26.857269287109376,"y":0.19008398056030274,"z":-13.566245079040528}