{"x":27.470653533935548,"y":0.19008418917655946,"z":-12.386673927307129}