{"x":36.950504302978519,"y":0.1900842785835266,"z":-11.905622482299805}