{"x":30.232141494750978,"y":0.19008603692054749,"z":-2.121691942214966}