{"x":30.576108932495118,"y":0.190084308385849,"z":-11.759236335754395}