{"x":32.9427375793457,"y":0.19008439779281617,"z":-11.362565040588379}