{"x":35.87852478027344,"y":0.1900862455368042,"z":-0.9745047092437744}