{"x":27.188812255859376,"y":0.1900860071182251,"z":-2.2112534046173097}