{"x":32.76023864746094,"y":0.19008570909500123,"z":-3.853968381881714}