{"x":33.33796310424805,"y":0.19008612632751466,"z":-1.6400573253631592}