{"x":29.80844497680664,"y":0.1900871992111206,"z":4.356232643127441}