{"x":31.086885452270509,"y":0.19008436799049378,"z":-11.530447959899903}