{"x":33.12675857543945,"y":0.19008666276931764,"z":1.44533371925354}