{"x":30.336833953857423,"y":0.1900886595249176,"z":12.592048645019532}