{"x":29.990478515625,"y":0.190084308385849,"z":-11.76659870147705}