{"x":29.80406379699707,"y":0.19008591771125794,"z":-2.8573410511016847}