{"x":32.56830596923828,"y":0.19008886814117433,"z":13.639548301696778}