{"x":35.966819763183597,"y":0.19008851051330567,"z":11.651328086853028}