{"x":36.24983596801758,"y":0.19008421897888184,"z":-12.29202651977539}