{"x":29.94068717956543,"y":0.19008663296699525,"z":1.27370285987854}