{"x":27.424476623535158,"y":0.19008862972259522,"z":12.4314603805542}