{"x":30.784645080566408,"y":0.190084308385849,"z":-11.75905704498291}