{"x":35.72407913208008,"y":0.19008880853652955,"z":13.463024139404297}