{"x":34.64732360839844,"y":0.19008874893188477,"z":13.03941822052002}