{"x":33.684669494628909,"y":0.19008687138557435,"z":2.5621285438537599}