{"x":30.56917381286621,"y":0.19008708000183106,"z":3.6567306518554689}