{"x":36.084712982177737,"y":0.19008705019950868,"z":3.527172088623047}