{"x":33.61471939086914,"y":0.19008418917655946,"z":-12.449414253234864}