{"x":33.25667190551758,"y":0.19008582830429078,"z":-3.3166916370391847}