{"x":30.616384506225587,"y":0.1900869607925415,"z":2.97676682472229}