{"x":37.5263557434082,"y":0.19008603692054749,"z":-2.1729037761688234}