{"x":33.28581237792969,"y":0.19008582830429078,"z":-3.310803174972534}