{"x":33.51442337036133,"y":0.19008702039718629,"z":3.4488525390625}