{"x":33.788700103759769,"y":0.19008663296699525,"z":1.176358699798584}