{"x":32.92182540893555,"y":0.19008731842041017,"z":5.053844451904297}