{"x":30.64874839782715,"y":0.19008615612983704,"z":-1.4386069774627686}