{"x":30.406417846679689,"y":0.19008880853652955,"z":13.329438209533692}