{"x":33.07505416870117,"y":0.1874620020389557,"z":-10.750916481018067}