{"x":33.55878448486328,"y":0.19008606672286988,"z":-1.9569942951202393}