{"x":32.431480407714847,"y":0.19008868932724,"z":12.716079711914063}