{"x":29.17849349975586,"y":0.18746322393417359,"z":-4.091276168823242}