{"x":30.277847290039064,"y":0.19008421897888184,"z":-12.348998069763184}