{"x":30.11430549621582,"y":0.19008868932724,"z":12.75452995300293}