{"x":33.284305572509769,"y":0.19008389115333558,"z":-14.174979209899903}