{"x":30.2857723236084,"y":0.19008684158325196,"z":2.443431854248047}