{"x":27.93766975402832,"y":0.19008684158325196,"z":2.352644920349121}