{"x":36.46414566040039,"y":0.19008609652519227,"z":-1.727092981338501}