{"x":32.97160720825195,"y":0.1900843381881714,"z":-11.582624435424805}