{"x":30.03125762939453,"y":0.19008585810661317,"z":-3.18628191947937}