{"x":34.230987548828128,"y":0.1900857388973236,"z":-3.717359781265259}