{"x":27.827590942382814,"y":0.1900860071182251,"z":-2.282148599624634}