{"x":34.60301208496094,"y":0.1900886595249176,"z":12.477378845214844}