{"x":27.209016799926759,"y":0.19008439779281617,"z":-11.26456356048584}