{"x":36.167240142822269,"y":0.19008579850196839,"z":-3.459174871444702}