{"x":30.868515014648439,"y":0.19008579850196839,"z":-3.486626386642456}