{"x":35.85239791870117,"y":0.1900838315486908,"z":-14.435212135314942}