{"x":30.326187133789064,"y":0.19008421897888184,"z":-12.1980562210083}