{"x":33.260250091552737,"y":0.19008862972259522,"z":12.362502098083496}