{"x":32.83319854736328,"y":0.1900843381881714,"z":-11.544590950012207}