{"x":35.74872589111328,"y":0.1900869905948639,"z":3.216076135635376}