{"x":27.641357421875,"y":0.19008681178092957,"z":2.297799825668335}