{"x":30.81492042541504,"y":0.19008424878120423,"z":-12.09012222290039}