{"x":30.924713134765626,"y":0.19008421897888184,"z":-12.156193733215332}