{"x":30.12099266052246,"y":0.19008412957191468,"z":-12.778864860534668}