{"x":28.294761657714845,"y":0.19008591771125794,"z":-2.795891046524048}