{"x":30.98786735534668,"y":0.1900862157344818,"z":-1.1781346797943116}