{"x":31.08815574645996,"y":0.19008424878120423,"z":-12.095580101013184}