{"x":30.296634674072267,"y":0.190085768699646,"z":-3.6575276851654054}