{"x":30.199703216552736,"y":0.19008693099021913,"z":2.9622080326080324}