{"x":27.259613037109376,"y":0.19008678197860719,"z":1.9931137561798096}