{"x":27.09455680847168,"y":0.19008705019950868,"z":3.4838688373565676}