{"x":29.746747970581056,"y":0.19008606672286988,"z":-2.014162302017212}