{"x":30.04113006591797,"y":0.19008857011795045,"z":12.07396411895752}