{"x":36.182186126708987,"y":0.19008859992027284,"z":12.159173011779786}