{"x":29.989294052124025,"y":0.19008681178092957,"z":2.296572685241699}