{"x":33.822418212890628,"y":0.1900867521762848,"z":1.9310191869735718}