{"x":29.732391357421876,"y":0.19008415937423707,"z":-12.667649269104004}