{"x":33.56873321533203,"y":0.1900867223739624,"z":1.6404253244400025}