{"x":27.27138328552246,"y":0.19008859992027284,"z":12.253893852233887}