{"x":27.398221969604493,"y":0.19008687138557435,"z":2.546262502670288}