{"x":36.60015106201172,"y":0.19008681178092957,"z":2.234771251678467}