{"x":30.571151733398439,"y":0.19008418917655946,"z":-12.419775009155274}