{"x":33.92478561401367,"y":0.19008710980415345,"z":3.887713670730591}