{"x":30.982473373413087,"y":0.18746405839920045,"z":0.6012458801269531}