{"x":33.762413024902347,"y":0.19008409976959229,"z":-12.897644996643067}