{"x":36.24546813964844,"y":0.19008582830429078,"z":-3.348576307296753}