{"x":33.381919860839847,"y":0.1900857388973236,"z":-3.8488433361053469}