{"x":33.555015563964847,"y":0.19008585810661317,"z":-3.155998945236206}