{"x":30.503738403320314,"y":0.19008678197860719,"z":2.0466651916503908}