{"x":33.523311614990237,"y":0.19008603692054749,"z":-2.1144192218780519}