{"x":26.88263702392578,"y":0.19008684158325196,"z":2.383711576461792}