{"x":36.51875686645508,"y":0.19008424878120423,"z":-12.176908493041993}