{"x":36.90570831298828,"y":0.19008591771125794,"z":-2.708462953567505}