{"x":36.24602508544922,"y":0.19008588790893556,"z":-3.0181195735931398}