{"x":33.7188720703125,"y":0.19008859992027284,"z":12.138647079467774}