{"x":33.376373291015628,"y":0.19008588790893556,"z":-2.876513719558716}