{"x":27.48117446899414,"y":0.18746405839920045,"z":0.6488847732543945}