{"x":33.73749542236328,"y":0.19008412957191468,"z":-12.795065879821778}