{"x":32.646697998046878,"y":0.19008612632751466,"z":-1.591557264328003}