{"x":27.897106170654298,"y":0.19008681178092957,"z":2.159834623336792}