{"x":28.772552490234376,"y":0.18746188282966615,"z":-11.455117225646973}