{"x":27.799867630004884,"y":0.19008585810661317,"z":-3.1927335262298586}