{"x":27.57482147216797,"y":0.19008594751358033,"z":-2.5364983081817629}