{"x":30.70197296142578,"y":0.19008868932724,"z":12.753557205200196}