{"x":33.42704391479492,"y":0.19008871912956239,"z":12.839591026306153}