{"x":30.04336929321289,"y":0.19008868932724,"z":12.776127815246582}