{"x":36.62527847290039,"y":0.1900886595249176,"z":12.534967422485352}