{"x":33.0805778503418,"y":0.19008851051330567,"z":11.729662895202637}