{"x":30.77206802368164,"y":0.19008630514144898,"z":-0.6030962467193604}