{"x":33.254981994628909,"y":0.19008684158325196,"z":2.451528310775757}