{"x":30.476348876953126,"y":0.19008421897888184,"z":-12.358027458190918}