{"x":30.940841674804689,"y":0.190084308385849,"z":-11.723959922790528}