{"x":30.60685157775879,"y":0.19008857011795045,"z":12.043373107910157}