{"x":28.623912811279298,"y":0.1874631941318512,"z":-4.299420356750488}