{"x":30.023828506469728,"y":0.18746596574783326,"z":11.383230209350586}