{"x":35.69313430786133,"y":0.19008421897888184,"z":-12.273897171020508}