{"x":32.7446403503418,"y":0.1900869905948639,"z":3.276185989379883}