{"x":33.327980041503909,"y":0.1900869905948639,"z":3.29022216796875}