{"x":33.82073211669922,"y":0.1900886595249176,"z":12.50888442993164}