{"x":31.08517074584961,"y":0.19008731842041017,"z":4.971965789794922}