{"x":30.33009147644043,"y":0.19008588790893556,"z":-3.020004987716675}