{"x":30.3886775970459,"y":0.1900842785835266,"z":-11.90026569366455}