{"x":35.36919021606445,"y":0.19008848071098329,"z":11.623029708862305}