{"x":32.95716857910156,"y":0.19008415937423707,"z":-12.676392555236817}