{"x":33.285823822021487,"y":0.19008412957191468,"z":-12.810778617858887}