{"x":27.484689712524415,"y":0.1900857388973236,"z":-3.8540446758270265}