{"x":33.10879135131836,"y":0.18746593594551087,"z":11.011398315429688}