{"x":30.338533401489259,"y":0.1874658763408661,"z":10.919820785522461}