{"x":27.306915283203126,"y":0.19008684158325196,"z":2.375467300415039}