{"x":27.17120933532715,"y":0.1900862753391266,"z":-0.8304107189178467}