{"x":33.06733322143555,"y":0.19008713960647584,"z":4.092696666717529}