{"x":33.55282974243164,"y":0.19008415937423707,"z":-12.68065357208252}