{"x":36.29961395263672,"y":0.190084308385849,"z":-11.849187850952149}