{"x":30.94136619567871,"y":0.1900862157344818,"z":-1.0355336666107178}