{"x":27.82548713684082,"y":0.19008585810661317,"z":-3.1878244876861574}