{"x":32.8109130859375,"y":0.1900857388973236,"z":-3.6940691471099855}