{"x":33.78529739379883,"y":0.1900857388973236,"z":-3.875511884689331}