{"x":32.94528579711914,"y":0.1900862455368042,"z":-0.8816988468170166}