{"x":30.563892364501954,"y":0.1900886595249176,"z":12.750533103942871}