{"x":30.090360641479493,"y":0.19008412957191468,"z":-12.708369255065918}