{"x":27.30832290649414,"y":0.19008708000183106,"z":3.7535147666931154}