{"x":36.27783966064453,"y":0.19008424878120423,"z":-12.052326202392579}