{"x":30.480289459228517,"y":0.19008421897888184,"z":-12.316765785217286}