{"x":33.918853759765628,"y":0.19008445739746095,"z":-11.008655548095704}