{"x":32.71254348754883,"y":0.1900862753391266,"z":-0.7047131061553955}