{"x":30.47447395324707,"y":0.19008857011795045,"z":12.052411079406739}