{"x":35.40375900268555,"y":0.18746572732925416,"z":10.018385887145996}