{"x":33.472537994384769,"y":0.19008570909500123,"z":-3.9158737659454347}