{"x":33.1015510559082,"y":0.19008606672286988,"z":-1.9594919681549073}