{"x":35.42962646484375,"y":0.190085768699646,"z":-3.654851198196411}