{"x":30.28701400756836,"y":0.19008418917655946,"z":-12.437458038330079}