{"x":32.82403564453125,"y":0.1900843381881714,"z":-11.543780326843262}