{"x":30.0699462890625,"y":0.19008418917655946,"z":-12.365486145019532}