{"x":29.782941818237306,"y":0.19008421897888184,"z":-12.215896606445313}