{"x":30.436704635620118,"y":0.19008859992027284,"z":12.14380931854248}