{"x":36.742286682128909,"y":0.18746408820152284,"z":0.8283820152282715}