{"x":30.286941528320314,"y":0.19008859992027284,"z":12.15434455871582}