{"x":30.620248794555665,"y":0.1900840699672699,"z":-13.176236152648926}