{"x":30.250295639038087,"y":0.19008415937423707,"z":-12.660368919372559}