{"x":33.755699157714847,"y":0.18746599555015565,"z":11.452678680419922}