{"x":33.62346649169922,"y":0.1900857388973236,"z":-3.861058473587036}