{"x":27.5700740814209,"y":0.19008871912956239,"z":12.891263008117676}