{"x":36.56974792480469,"y":0.19008582830429078,"z":-3.3549644947052}