{"x":30.432924270629884,"y":0.1900860071182251,"z":-2.2237932682037355}