{"x":37.751502990722659,"y":0.18746331334114076,"z":-3.466036796569824}