{"x":33.4130859375,"y":0.1900859773159027,"z":-2.393419027328491}