{"x":29.974992752075197,"y":0.19008669257164002,"z":1.5981801748275757}