{"x":30.413528442382814,"y":0.19008579850196839,"z":-3.373840093612671}