{"x":35.5000114440918,"y":0.19008851051330567,"z":11.785592079162598}