{"x":30.379886627197267,"y":0.19008421897888184,"z":-12.298376083374024}