{"x":27.21311378479004,"y":0.19008618593215943,"z":-1.3027865886688233}