{"x":27.235183715820314,"y":0.1900869905948639,"z":3.2342472076416017}