{"x":33.21424865722656,"y":0.19008421897888184,"z":-12.338920593261719}