{"x":30.471473693847658,"y":0.19008854031562806,"z":12.01961612701416}