{"x":30.960203170776368,"y":0.19008666276931764,"z":1.4459993839263917}