{"x":30.517356872558595,"y":0.19008588790893556,"z":-2.935161828994751}