{"x":28.04534912109375,"y":0.1900886595249176,"z":12.602490425109864}