{"x":36.73768997192383,"y":0.1900860071182251,"z":-2.3507978916168215}