{"x":27.350893020629884,"y":0.1900886595249176,"z":12.515870094299317}