{"x":30.861215591430665,"y":0.19008606672286988,"z":-1.8842322826385499}