{"x":27.602405548095704,"y":0.19008693099021913,"z":2.9404489994049074}