{"x":30.92035484313965,"y":0.19008588790893556,"z":-2.9812209606170656}