{"x":36.57979202270508,"y":0.19008877873420716,"z":13.151652336120606}