{"x":30.41912841796875,"y":0.19008854031562806,"z":11.871103286743164}