{"x":27.156810760498048,"y":0.19008874893188477,"z":13.111710548400879}