{"x":33.05366897583008,"y":0.18746399879455567,"z":0.38912105560302737}