{"x":33.377010345458987,"y":0.19008579850196839,"z":-3.5239417552948}