{"x":33.717384338378909,"y":0.1900842785835266,"z":-11.92651653289795}