{"x":30.566619873046876,"y":0.19008585810661317,"z":-3.1086771488189699}