{"x":33.18899154663086,"y":0.19008409976959229,"z":-12.77005672454834}