{"x":27.770828247070314,"y":0.19008857011795045,"z":12.166730880737305}