{"x":27.627172470092775,"y":0.19008705019950868,"z":3.546792984008789}