{"x":27.809955596923829,"y":0.19008716940879823,"z":4.147341728210449}