{"x":30.8487548828125,"y":0.19008418917655946,"z":-12.427125930786133}