{"x":27.019302368164064,"y":0.190087229013443,"z":4.532164096832275}