{"x":36.0263786315918,"y":0.11176532506942749,"z":-13.599738121032715}