{"x":36.83806228637695,"y":0.190084308385849,"z":-11.753645896911621}