{"x":34.033233642578128,"y":0.19008588790893556,"z":-2.9551103115081789}