{"x":34.053504943847659,"y":0.1874631941318512,"z":-4.233809471130371}