{"x":32.061378479003909,"y":0.35127365589141848,"z":-13.592838287353516}