{"x":30.505489349365236,"y":0.1900843381881714,"z":-11.6718111038208}