{"x":30.603487014770509,"y":0.1900843381881714,"z":-11.554681777954102}