{"x":29.92557144165039,"y":0.19008436799049378,"z":-11.4945650100708}