{"x":27.806276321411134,"y":0.19008421897888184,"z":-12.287891387939454}