{"x":33.5540885925293,"y":0.18746408820152284,"z":0.8185763359069824}