{"x":34.08650588989258,"y":0.1900842785835266,"z":-12.029335021972657}