{"x":36.70075607299805,"y":0.19008412957191468,"z":-12.776618003845215}