{"x":30.457782745361329,"y":0.19008862972259522,"z":12.390378952026368}