{"x":30.82027244567871,"y":0.19008591771125794,"z":-2.7767016887664797}