{"x":33.44991683959961,"y":0.19008666276931764,"z":1.3415732383728028}