{"x":34.130393981933597,"y":0.5331755876541138,"z":-13.376374244689942}