{"x":30.74519920349121,"y":0.19008409976959229,"z":-12.956578254699707}