{"x":35.83329391479492,"y":0.19008713960647584,"z":4.103144645690918}