{"x":33.05519485473633,"y":0.19008880853652955,"z":13.381461143493653}