{"x":30.267248153686525,"y":0.19008418917655946,"z":-12.379966735839844}