{"x":32.422298431396487,"y":0.1900843381881714,"z":-11.645759582519532}