{"x":27.684112548828126,"y":0.19008582830429078,"z":-3.2544238567352297}