{"x":25.51799201965332,"y":0.18746158480644227,"z":-13.146468162536621}