{"x":36.479801177978519,"y":0.19008415937423707,"z":-12.689230918884278}