{"x":29.766674041748048,"y":0.19008603692054749,"z":-2.137450933456421}