{"x":29.88071060180664,"y":0.1900842785835266,"z":-11.948586463928223}