{"x":36.05146408081055,"y":0.19008669257164002,"z":1.7699450254440308}