{"x":27.35515022277832,"y":0.19008687138557435,"z":2.490448474884033}