{"x":33.814048767089847,"y":0.19008710980415345,"z":3.9037516117095949}