{"x":27.65096664428711,"y":0.19008594751358033,"z":-2.690324068069458}