{"x":33.766357421875,"y":0.19008862972259522,"z":12.394222259521485}