{"x":36.10573959350586,"y":0.19008663296699525,"z":1.2475054264068604}