{"x":34.1124382019043,"y":0.18746575713157655,"z":10.13872241973877}