{"x":27.23157501220703,"y":0.1900869905948639,"z":3.282348394393921}