{"x":33.59387969970703,"y":0.19008612632751466,"z":-1.5794508457183838}