{"x":31.437849044799806,"y":0.19008409976959229,"z":-12.981024742126465}