{"x":26.785633087158204,"y":0.19008716940879823,"z":4.215385913848877}