{"x":33.521278381347659,"y":0.19008859992027284,"z":12.21254825592041}