{"x":36.71832275390625,"y":0.18746408820152284,"z":0.7665038108825684}