{"x":35.441532135009769,"y":0.190085768699646,"z":-3.663189649581909}