{"x":35.30004119873047,"y":0.19008588790893556,"z":-2.9072964191436769}