{"x":29.91825294494629,"y":0.19008618593215943,"z":-1.2479627132415772}