{"x":27.91214942932129,"y":0.19008424878120423,"z":-12.189949035644532}