{"x":30.70379066467285,"y":0.19008436799049378,"z":-11.526308059692383}