{"x":33.46513748168945,"y":0.19008868932724,"z":12.660593032836914}