{"x":33.59274673461914,"y":0.19008603692054749,"z":-2.069284200668335}