{"x":30.266611099243165,"y":0.19008412957191468,"z":-12.726336479187012}