{"x":36.227779388427737,"y":0.19008705019950868,"z":3.6336820125579836}