{"x":31.679035186767579,"y":0.1874631643295288,"z":-4.282630920410156}