{"x":36.65266036987305,"y":0.1900867223739624,"z":1.745990514755249}