{"x":30.89841079711914,"y":0.1900859773159027,"z":-2.418195962905884}