{"x":33.764686584472659,"y":0.19008716940879823,"z":4.2086968421936039}