{"x":30.457748413085939,"y":0.1900867223739624,"z":1.7868341207504273}