{"x":33.14921951293945,"y":0.1900886595249176,"z":12.61394214630127}