{"x":27.715503692626954,"y":0.19008854031562806,"z":11.805641174316407}