{"x":27.44525909423828,"y":0.19008684158325196,"z":2.305957555770874}