{"x":33.313575744628909,"y":0.1874631941318512,"z":-4.217480659484863}