{"x":35.47124099731445,"y":0.19008424878120423,"z":-12.15444564819336}