{"x":27.35237693786621,"y":0.19008859992027284,"z":12.239677429199219}