{"x":27.27632713317871,"y":0.1874620020389557,"z":-10.797757148742676}