{"x":36.09388732910156,"y":0.19008615612983704,"z":-1.3796985149383546}