{"x":29.975427627563478,"y":0.19008702039718629,"z":3.442748785018921}