{"x":27.446918487548829,"y":0.19008684158325196,"z":2.376389980316162}