{"x":27.50649070739746,"y":0.19008418917655946,"z":-12.495301246643067}