{"x":36.0262336730957,"y":0.18746405839920045,"z":0.7387094497680664}