{"x":27.85631561279297,"y":0.19008421897888184,"z":-12.234231948852539}