{"x":30.343603134155275,"y":0.19008666276931764,"z":1.4189093112945557}