{"x":33.821006774902347,"y":0.19008415937423707,"z":-12.673064231872559}