{"x":33.53529357910156,"y":0.19008603692054749,"z":-2.1895530223846437}