{"x":36.11377716064453,"y":0.1900869905948639,"z":3.1632537841796877}