{"x":27.18317222595215,"y":0.1900859773159027,"z":-2.5267269611358644}