{"x":27.71409034729004,"y":0.1900867521762848,"z":1.8066145181655884}