{"x":30.532419204711915,"y":0.19008424878120423,"z":-12.082627296447754}