{"x":36.622825622558597,"y":0.19008421897888184,"z":-12.229474067687989}