{"x":30.662281036376954,"y":0.19008868932724,"z":12.645516395568848}