{"x":32.65906524658203,"y":0.18746599555015565,"z":11.438392639160157}