{"x":27.73407554626465,"y":0.19008424878120423,"z":-12.134697914123536}