{"x":33.13241195678711,"y":0.19008859992027284,"z":12.188653945922852}