{"x":31.742321014404298,"y":0.18746310472488404,"z":-4.6877593994140629}