{"x":30.353099822998048,"y":0.19008669257164002,"z":1.5240516662597657}