{"x":32.294918060302737,"y":0.18746596574783326,"z":11.34771728515625}