{"x":30.284360885620118,"y":0.19008570909500123,"z":-3.8751327991485597}