{"x":34.99056625366211,"y":0.18746185302734376,"z":-11.674633979797364}