{"x":29.87134552001953,"y":0.19008660316467286,"z":1.2521347999572755}