{"x":30.033214569091798,"y":0.19008424878120423,"z":-12.19672966003418}