{"x":29.956130981445314,"y":0.18746203184127809,"z":-10.619072914123536}