{"x":27.34967803955078,"y":0.1900842785835266,"z":-11.951691627502442}