{"x":36.09212112426758,"y":0.19008702039718629,"z":3.336580991744995}