{"x":36.2083854675293,"y":0.19008669257164002,"z":1.5066156387329102}