{"x":33.90397262573242,"y":0.19008868932724,"z":12.786672592163086}