{"x":27.419248580932618,"y":0.19008588790893556,"z":-3.0040485858917238}