{"x":33.60154724121094,"y":0.19008874893188477,"z":13.054206848144532}