{"x":30.426279067993165,"y":0.1900840401649475,"z":-13.35739803314209}