{"x":27.936594009399415,"y":0.18746322393417359,"z":-4.007916450500488}