{"x":28.304410934448243,"y":0.19008857011795045,"z":11.98457145690918}