{"x":27.3630428314209,"y":0.1900843381881714,"z":-11.694385528564454}