{"x":33.426605224609378,"y":0.19008421897888184,"z":-12.280494689941407}