{"x":27.278657913208009,"y":0.19008579850196839,"z":-3.4051544666290285}