{"x":27.61035919189453,"y":0.19008880853652955,"z":13.360654830932618}