{"x":35.754180908203128,"y":0.1900842785835266,"z":-12.000839233398438}