{"x":36.61039733886719,"y":0.19008424878120423,"z":-12.168244361877442}