{"x":29.948087692260743,"y":0.19008585810661317,"z":-3.155850648880005}