{"x":36.6735954284668,"y":0.19008883833885194,"z":13.547445297241211}