{"x":27.975725173950197,"y":0.1874631941318512,"z":-4.153191566467285}