{"x":35.84805679321289,"y":0.1900869607925415,"z":2.9783389568328859}