{"x":27.436695098876954,"y":0.19008678197860719,"z":2.0249152183532717}