{"x":30.677658081054689,"y":0.19008588790893556,"z":-3.0264923572540285}