{"x":33.73530960083008,"y":0.19008445739746095,"z":-11.07241439819336}