{"x":32.12705612182617,"y":0.19008848071098329,"z":11.567111015319825}