{"x":36.454627990722659,"y":0.1874631941318512,"z":-4.212176322937012}