{"x":33.68500518798828,"y":0.19008871912956239,"z":12.935113906860352}