{"x":27.37322235107422,"y":0.1900840699672699,"z":-13.048705101013184}