{"x":27.753772735595704,"y":0.19008421897888184,"z":-12.236771583557129}