{"x":26.96085548400879,"y":0.19008606672286988,"z":-1.8979151248931885}