{"x":27.15193748474121,"y":0.190084308385849,"z":-11.832923889160157}