{"x":30.845788955688478,"y":0.1900862157344818,"z":-1.0324156284332276}