{"x":27.198698043823243,"y":0.1900862753391266,"z":-0.8352043628692627}