{"x":28.66208267211914,"y":0.190084308385849,"z":-11.804872512817383}