{"x":36.752601623535159,"y":0.1900842785835266,"z":-11.87381362915039}