{"x":35.65375518798828,"y":0.19008582830429078,"z":-3.292656183242798}