{"x":36.29485321044922,"y":0.19008690118789674,"z":2.7036964893341066}