{"x":32.756343841552737,"y":0.1900843381881714,"z":-11.601229667663575}