{"x":30.251157760620118,"y":0.19008412957191468,"z":-12.729826927185059}