{"x":29.97052574157715,"y":0.19008663296699525,"z":1.2678887844085694}