{"x":30.052942276000978,"y":0.19008713960647584,"z":4.063507080078125}