{"x":30.616575241088868,"y":0.190087229013443,"z":4.4905924797058109}