{"x":33.69835662841797,"y":0.1900860071182251,"z":-2.325108766555786}