{"x":30.813989639282228,"y":0.19008693099021913,"z":2.961198329925537}