{"x":29.686094284057618,"y":0.1900859773159027,"z":-2.4803264141082765}