{"x":32.74763488769531,"y":0.19008862972259522,"z":12.425348281860352}