{"x":33.349613189697269,"y":0.1900862157344818,"z":-1.175842046737671}