{"x":30.527671813964845,"y":0.19008871912956239,"z":12.805085182189942}