{"x":33.53103256225586,"y":0.18746313452720643,"z":-4.461880683898926}