{"x":31.103370666503908,"y":0.1900857388973236,"z":-3.737222909927368}