{"x":30.453245162963868,"y":0.1900860071182251,"z":-2.2143900394439699}