{"x":36.419620513916019,"y":0.19008690118789674,"z":2.665813684463501}