{"x":33.3288459777832,"y":0.19008880853652955,"z":13.316370964050293}