{"x":37.87688446044922,"y":0.8987035751342773,"z":-12.36362361907959}