{"x":36.4052734375,"y":0.19008603692054749,"z":-2.0684120655059816}