{"x":36.82933807373047,"y":0.19008666276931764,"z":1.4620392322540284}