{"x":27.38544464111328,"y":0.19008684158325196,"z":2.3107175827026369}