{"x":33.80366897583008,"y":0.19008585810661317,"z":-3.0462958812713625}