{"x":33.93223571777344,"y":0.19008424878120423,"z":-12.132287979125977}