{"x":35.83798599243164,"y":0.1900862455368042,"z":-1.0477988719940186}