{"x":35.300777435302737,"y":0.19008630514144898,"z":-0.4069480895996094}