{"x":30.417648315429689,"y":0.19008862972259522,"z":12.456533432006836}