{"x":30.43105697631836,"y":0.19008871912956239,"z":12.82044792175293}