{"x":35.71213912963867,"y":0.18746575713157655,"z":10.202588081359864}