{"x":36.5826530456543,"y":0.19008579850196839,"z":-3.365201711654663}