{"x":33.88145065307617,"y":0.1874631941318512,"z":-4.092878341674805}