{"x":30.38587188720703,"y":0.19008415937423707,"z":-12.604653358459473}