{"x":27.26190948486328,"y":0.19008859992027284,"z":12.188725471496582}