{"x":33.48592758178711,"y":0.19008874893188477,"z":13.004220962524414}