{"x":29.885656356811525,"y":0.19008684158325196,"z":2.41316819190979}