{"x":30.309934616088868,"y":0.19008612632751466,"z":-1.6365444660186768}