{"x":36.51158905029297,"y":0.1900843381881714,"z":-11.63880729675293}