{"x":36.92721939086914,"y":0.1874631941318512,"z":-4.185362815856934}