{"x":30.30824851989746,"y":0.19008579850196839,"z":-3.5124828815460207}