{"x":27.953319549560548,"y":0.19008633494377137,"z":-0.49778246879577639}