{"x":29.985647201538087,"y":0.19008868932724,"z":12.72018051147461}