{"x":30.02220916748047,"y":0.19008684158325196,"z":2.3129992485046388}