{"x":30.780136108398439,"y":0.19008585810661317,"z":-3.099039316177368}