{"x":32.78508758544922,"y":0.19008436799049378,"z":-11.516125679016114}