{"x":33.579776763916019,"y":0.19008862972259522,"z":12.385154724121094}