{"x":27.318096160888673,"y":0.19008585810661317,"z":-3.1271326541900636}