{"x":33.7073860168457,"y":0.19008591771125794,"z":-2.7713420391082765}