{"x":30.374950408935548,"y":0.19008424878120423,"z":-12.111922264099121}