{"x":30.84501075744629,"y":0.18746322393417359,"z":-4.085177421569824}