{"x":34.073341369628909,"y":0.19008857011795045,"z":12.095240592956543}