{"x":34.854217529296878,"y":0.18746325373649598,"z":-3.842212677001953}