{"x":36.77541732788086,"y":0.19008594751358033,"z":-2.6660044193267824}