{"x":36.77487564086914,"y":0.19008424878120423,"z":-12.147119522094727}