{"x":33.762569427490237,"y":0.1900842785835266,"z":-11.91314697265625}