{"x":30.876558303833009,"y":0.19008877873420716,"z":13.19704532623291}