{"x":28.698352813720704,"y":0.18746420741081239,"z":1.5873570442199708}