{"x":33.56474685668945,"y":0.1900842785835266,"z":-11.894845008850098}