{"x":28.11334800720215,"y":0.1900867223739624,"z":1.7992342710494996}