{"x":30.516176223754884,"y":0.19008418917655946,"z":-12.515097618103028}