{"x":35.34217834472656,"y":0.19008567929267884,"z":-3.879168748855591}