{"x":34.26727294921875,"y":0.19008421897888184,"z":-12.225916862487793}