{"x":30.10556411743164,"y":0.19008705019950868,"z":3.518111228942871}