{"x":30.78767967224121,"y":0.19008439779281617,"z":-11.356481552124024}