{"x":31.219335556030275,"y":0.19008606672286988,"z":-1.9216840267181397}