{"x":30.5933837890625,"y":0.1900842785835266,"z":-11.908212661743164}