{"x":30.643293380737306,"y":0.19008702039718629,"z":3.3520398139953615}