{"x":36.27696228027344,"y":0.1900860071182251,"z":-2.276336431503296}