{"x":30.019262313842775,"y":0.19008409976959229,"z":-12.894368171691895}