{"x":30.35837745666504,"y":0.19008415937423707,"z":-12.539752006530762}