{"x":35.6048698425293,"y":0.19008591771125794,"z":-2.7551400661468508}