{"x":27.59771728515625,"y":0.1900862753391266,"z":-0.794389009475708}