{"x":36.58465576171875,"y":0.18746203184127809,"z":-10.769009590148926}