{"x":27.750268936157228,"y":0.19008669257164002,"z":1.6056125164031983}