{"x":33.902587890625,"y":0.19008582830429078,"z":-3.2097151279449465}