{"x":27.66498374938965,"y":0.1900886595249176,"z":12.528871536254883}