{"x":35.989192962646487,"y":0.190084308385849,"z":-11.859642028808594}