{"x":26.76589012145996,"y":0.19008880853652955,"z":13.354698181152344}