{"x":34.49570083618164,"y":0.19008886814117433,"z":13.781012535095215}