{"x":26.978065490722658,"y":0.19008615612983704,"z":-1.515958547592163}