{"x":30.723289489746095,"y":0.19008588790893556,"z":-2.9084432125091554}