{"x":27.415334701538087,"y":0.19008618593215943,"z":-1.268951177597046}