{"x":36.587562561035159,"y":0.19008424878120423,"z":-12.059202194213868}