{"x":33.6805534362793,"y":0.18746596574783326,"z":11.416295051574707}