{"x":30.141904830932618,"y":0.19008424878120423,"z":-12.081480979919434}