{"x":36.185546875,"y":0.1900840699672699,"z":-13.161520957946778}