{"x":33.49863815307617,"y":0.19008871912956239,"z":12.907294273376465}