{"x":35.7763671875,"y":0.1900857388973236,"z":-3.704800844192505}