{"x":34.062870025634769,"y":0.1900886595249176,"z":12.58195686340332}