{"x":33.47419357299805,"y":0.19008421897888184,"z":-12.303153038024903}