{"x":30.369617462158204,"y":0.19008418917655946,"z":-12.510539054870606}