{"x":33.301483154296878,"y":0.19008579850196839,"z":-3.483884572982788}