{"x":32.874820709228519,"y":0.19008854031562806,"z":11.84216022491455}