{"x":30.727479934692384,"y":0.18746402859687806,"z":0.500455379486084}