{"x":33.06342697143555,"y":0.19008618593215943,"z":-1.2399318218231202}