{"x":30.328880310058595,"y":0.19008421897888184,"z":-12.245976448059082}