{"x":33.97091293334961,"y":0.19008716940879823,"z":4.139608383178711}