{"x":27.268518447875978,"y":0.19008636474609376,"z":-0.30913805961608889}