{"x":36.81753158569336,"y":0.19008582830429078,"z":-3.248713254928589}