{"x":33.49186325073242,"y":0.19008859992027284,"z":12.240934371948243}