{"x":36.80021667480469,"y":0.19008424878120423,"z":-12.116219520568848}