{"x":36.740291595458987,"y":0.19008684158325196,"z":2.3406314849853517}