{"x":29.969858169555665,"y":0.19008702039718629,"z":3.3839540481567385}