{"x":29.92284393310547,"y":0.19008582830429078,"z":-3.2218263149261476}