{"x":32.41297912597656,"y":0.19008854031562806,"z":11.918169021606446}