{"x":35.70176315307617,"y":0.19008854031562806,"z":11.925394058227539}