{"x":27.819311141967775,"y":0.19008666276931764,"z":1.3186404705047608}