{"x":32.883750915527347,"y":0.19008886814117433,"z":13.771484375}