{"x":30.78919219970703,"y":0.19008409976959229,"z":-12.894837379455567}