{"x":28.56658172607422,"y":0.1900857388973236,"z":-3.8323113918304445}