{"x":32.39313888549805,"y":0.19008663296699525,"z":1.2802512645721436}