{"x":30.52415657043457,"y":0.19008877873420716,"z":13.24312686920166}