{"x":27.597614288330079,"y":0.19008883833885194,"z":13.538498878479004}