{"x":34.076622009277347,"y":0.19008436799049378,"z":-11.365017890930176}