{"x":30.372455596923829,"y":0.19008412957191468,"z":-12.833956718444825}