{"x":28.092891693115236,"y":0.1900867521762848,"z":1.9023689031600953}