{"x":30.520261764526368,"y":0.19008716940879823,"z":4.177357196807861}