{"x":33.83713912963867,"y":0.19008591771125794,"z":-2.7257564067840578}