{"x":30.906461715698243,"y":0.1900862157344818,"z":-1.1702849864959717}