{"x":33.8536376953125,"y":0.19008868932724,"z":12.76229476928711}