{"x":30.29796028137207,"y":0.19008710980415345,"z":3.9207558631896974}