{"x":36.6581916809082,"y":0.1900886595249176,"z":12.480189323425293}