{"x":30.83763885498047,"y":0.19008848071098329,"z":11.62193489074707}