{"x":33.94331359863281,"y":0.19008663296699525,"z":1.3013098239898682}