{"x":30.56303596496582,"y":0.19008421897888184,"z":-12.20479679107666}