{"x":37.08369827270508,"y":0.18746206164360047,"z":-10.587201118469239}