{"x":36.29378890991211,"y":0.1900842785835266,"z":-12.020237922668457}