{"x":32.704551696777347,"y":0.19008585810661317,"z":-3.0683114528656008}