{"x":30.354740142822267,"y":0.1900840401649475,"z":-13.31396198272705}