{"x":32.80178451538086,"y":0.19008421897888184,"z":-12.258317947387696}