{"x":36.84897232055664,"y":0.19008585810661317,"z":-3.1727755069732668}