{"x":33.66753387451172,"y":0.1900886595249176,"z":12.562193870544434}