{"x":33.05466842651367,"y":0.19008859992027284,"z":12.30355453491211}