{"x":27.829078674316408,"y":0.19008854031562806,"z":11.856339454650879}