{"x":30.013668060302736,"y":0.19008582830429078,"z":-3.2928473949432375}