{"x":29.985368728637697,"y":0.18746492266654969,"z":5.367197036743164}