{"x":33.041622161865237,"y":0.19008418917655946,"z":-12.280467987060547}