{"x":36.198699951171878,"y":0.19008579850196839,"z":-3.3044955730438234}