{"x":33.74952697753906,"y":0.19008415937423707,"z":-12.651373863220215}