{"x":35.72391128540039,"y":0.19008588790893556,"z":-3.013662099838257}