{"x":27.202695846557618,"y":0.1900842785835266,"z":-12.014628410339356}