{"x":35.6739501953125,"y":0.19008710980415345,"z":3.869537830352783}