{"x":30.755373001098634,"y":0.19008716940879823,"z":4.243439674377441}