{"x":32.72929763793945,"y":0.19008705019950868,"z":3.587110757827759}