{"x":27.61090660095215,"y":0.19008871912956239,"z":12.823358535766602}