{"x":30.600093841552736,"y":0.19008871912956239,"z":12.842788696289063}