{"x":33.14274597167969,"y":0.18746593594551087,"z":11.03471565246582}