{"x":30.324193954467775,"y":0.19008702039718629,"z":3.30523943901062}