{"x":30.127641677856447,"y":0.1900842785835266,"z":-11.869175910949707}