{"x":32.85790252685547,"y":0.19008585810661317,"z":-3.1544086933135988}