{"x":36.17673873901367,"y":0.1900842785835266,"z":-11.940461158752442}