{"x":33.82096481323242,"y":0.19008585810661317,"z":-3.104032278060913}