{"x":36.02701950073242,"y":0.1900842785835266,"z":-11.979215621948243}