{"x":32.63693618774414,"y":0.19008415937423707,"z":-12.621453285217286}