{"x":30.718578338623048,"y":0.19008690118789674,"z":2.7022855281829836}