{"x":33.39463424682617,"y":0.19008868932724,"z":12.728655815124512}