{"x":33.011817932128909,"y":0.19008421897888184,"z":-12.250045776367188}