{"x":33.54521942138672,"y":0.19008862972259522,"z":12.376260757446289}