{"x":26.894939422607423,"y":0.19008868932724,"z":12.765247344970704}