{"x":27.744613647460939,"y":0.19008421897888184,"z":-12.210737228393555}