{"x":33.421810150146487,"y":0.18746396899223329,"z":0.12847279012203217}