{"x":29.668102264404298,"y":0.19008582830429078,"z":-3.3303110599517824}