{"x":30.904075622558595,"y":0.19008660316467286,"z":1.0319209098815919}