{"x":31.216299057006837,"y":0.1900842785835266,"z":-11.766640663146973}