{"x":29.79266357421875,"y":0.1900842785835266,"z":-11.906980514526368}