{"x":36.627037048339847,"y":0.19008594751358033,"z":-2.5947811603546144}