{"x":27.396024703979493,"y":0.19008687138557435,"z":2.615450143814087}