{"x":30.656694412231447,"y":0.19008708000183106,"z":3.76094388961792}