{"x":33.15854263305664,"y":0.19008854031562806,"z":11.91726016998291}