{"x":33.353309631347659,"y":0.1900869905948639,"z":3.140150547027588}