{"x":27.212419509887697,"y":0.19008678197860719,"z":2.036569356918335}