{"x":30.44843101501465,"y":0.1874631643295288,"z":-4.257682800292969}