{"x":30.971080780029298,"y":0.19008418917655946,"z":-12.370084762573243}