{"x":33.24492645263672,"y":0.1900842785835266,"z":-12.081154823303223}