{"x":27.293441772460939,"y":0.19008862972259522,"z":12.358187675476075}