{"x":30.496850967407228,"y":0.19008579850196839,"z":-3.4909141063690187}