{"x":33.1873664855957,"y":0.19008862972259522,"z":12.463212966918946}