{"x":28.55679702758789,"y":0.1874631643295288,"z":-4.299093246459961}