{"x":27.755149841308595,"y":0.190085768699646,"z":-3.595163583755493}