{"x":36.47208023071289,"y":0.19008418917655946,"z":-12.410725593566895}