{"x":36.689727783203128,"y":0.1900886595249176,"z":12.592299461364746}