{"x":33.4422492980957,"y":0.19008594751358033,"z":-2.596567392349243}