{"x":35.58709716796875,"y":0.19008854031562806,"z":11.719764709472657}