{"x":27.002988815307618,"y":0.19008710980415345,"z":3.8386025428771974}