{"x":32.9746208190918,"y":0.19008609652519227,"z":-1.8431613445281983}