{"x":27.71491050720215,"y":0.19008880853652955,"z":13.462571144104004}