{"x":31.279870986938478,"y":0.1900857388973236,"z":-3.795274496078491}