{"x":27.244762420654298,"y":0.1900843381881714,"z":-11.674159049987793}