{"x":36.29383087158203,"y":0.19008436799049378,"z":-11.474214553833008}