{"x":30.79411506652832,"y":0.19008710980415345,"z":3.8355953693389894}