{"x":32.80457305908203,"y":0.19008708000183106,"z":3.670423746109009}