{"x":36.56868362426758,"y":0.19008681178092957,"z":2.229757785797119}