{"x":33.245323181152347,"y":0.19008862972259522,"z":12.425524711608887}