{"x":27.395044326782228,"y":0.1900843381881714,"z":-11.680852890014649}