{"x":27.90538215637207,"y":0.19008582830429078,"z":-3.0794517993927}