{"x":27.73945426940918,"y":0.190084308385849,"z":-11.831794738769532}