{"x":35.8463020324707,"y":0.19008582830429078,"z":-3.2471463680267336}