{"x":35.838871002197269,"y":0.1900862753391266,"z":-0.7772228717803955}