{"x":36.053245544433597,"y":0.19008854031562806,"z":11.81863784790039}