{"x":36.477386474609378,"y":0.19008660316467286,"z":1.2573680877685547}