{"x":27.48047637939453,"y":0.1900862455368042,"z":-0.891648530960083}