{"x":34.55290603637695,"y":0.1874655783176422,"z":9.183795928955079}