{"x":35.46135711669922,"y":0.1900842785835266,"z":-11.981142044067383}