{"x":28.123544692993165,"y":0.19008886814117433,"z":13.691864967346192}