{"x":30.59197235107422,"y":0.19008409976959229,"z":-12.9419527053833}