{"x":32.83158874511719,"y":0.1900842785835266,"z":-11.891562461853028}