{"x":33.08934783935547,"y":0.1900859773159027,"z":-2.366666078567505}