{"x":32.995147705078128,"y":0.19008582830429078,"z":-3.361976385116577}