{"x":27.88578987121582,"y":0.19008570909500123,"z":-3.9372661113739015}