{"x":30.041709899902345,"y":0.19008421897888184,"z":-12.288159370422364}