{"x":36.182594299316409,"y":0.19008579850196839,"z":-3.3925163745880129}