{"x":33.734336853027347,"y":0.19008859992027284,"z":12.210898399353028}