{"x":30.086471557617189,"y":0.19008681178092957,"z":2.169823169708252}