{"x":32.799964904785159,"y":0.19008678197860719,"z":1.975714087486267}