{"x":27.49371910095215,"y":0.19008606672286988,"z":-1.959991693496704}