{"x":32.95289993286133,"y":0.1900843381881714,"z":-11.593542098999024}