{"x":36.437705993652347,"y":0.19008585810661317,"z":-3.1327035427093508}