{"x":32.049339294433597,"y":0.18746483325958253,"z":5.044981479644775}