{"x":33.06138610839844,"y":0.19008666276931764,"z":1.4456348419189454}