{"x":30.48444175720215,"y":0.19008409976959229,"z":-12.926384925842286}