{"x":37.321407318115237,"y":0.19008401036262513,"z":-13.371607780456543}