{"x":35.90003204345703,"y":0.18746411800384522,"z":0.9067478179931641}