{"x":29.946352005004884,"y":0.19008582830429078,"z":-3.197993516921997}