{"x":27.784069061279298,"y":0.190087229013443,"z":4.681697845458984}