{"x":30.428632736206056,"y":0.19008418917655946,"z":-12.408618927001954}