{"x":27.89592742919922,"y":0.19008436799049378,"z":-11.485048294067383}