{"x":32.709678649902347,"y":0.190084308385849,"z":-11.704078674316407}