{"x":31.01445770263672,"y":0.1900862455368042,"z":-0.9908702373504639}