{"x":30.601348876953126,"y":0.19008859992027284,"z":12.29131031036377}