{"x":33.894630432128909,"y":0.19008421897888184,"z":-12.258467674255371}