{"x":33.48833084106445,"y":0.1900867521762848,"z":1.8732447624206544}