{"x":32.543636322021487,"y":0.19008579850196839,"z":-3.4121181964874269}