{"x":33.56317901611328,"y":0.19008868932724,"z":12.764215469360352}