{"x":32.65889358520508,"y":0.19008716940879823,"z":4.1628313064575199}