{"x":28.120874404907228,"y":0.18746313452720643,"z":-4.630344390869141}