{"x":33.160884857177737,"y":0.19008630514144898,"z":-0.5827586650848389}