{"x":32.79701232910156,"y":0.19008857011795045,"z":12.116491317749024}