{"x":36.404945373535159,"y":0.19008859992027284,"z":12.068426132202149}