{"x":27.27903175354004,"y":0.19008591771125794,"z":-2.8020923137664797}