{"x":27.821455001831056,"y":0.19008421897888184,"z":-12.347728729248047}