{"x":31.216306686401368,"y":0.19008594751358033,"z":-2.6325714588165285}