{"x":36.82890319824219,"y":0.1900867223739624,"z":1.7389224767684937}