{"x":26.85505485534668,"y":0.19008591771125794,"z":-2.79905104637146}