{"x":30.379793167114259,"y":0.19008612632751466,"z":-1.6124236583709717}