{"x":32.813934326171878,"y":0.1874648630619049,"z":5.203686714172363}