{"x":33.473182678222659,"y":0.19008871912956239,"z":12.908316612243653}