{"x":36.02675247192383,"y":0.19008630514144898,"z":-0.5408241748809815}