{"x":30.571590423583986,"y":0.19008868932724,"z":12.690350532531739}