{"x":36.1406135559082,"y":0.19008386135101319,"z":-14.200900077819825}