{"x":30.426382064819337,"y":0.1874631941318512,"z":-4.1575822830200199}