{"x":36.468353271484378,"y":0.19008681178092957,"z":2.184265375137329}