{"x":30.107370376586915,"y":0.19008859992027284,"z":12.247058868408204}