{"x":33.668277740478519,"y":0.1900859773159027,"z":-2.5099680423736574}