{"x":37.24864196777344,"y":0.18746396899223329,"z":0.09193466603755951}