{"x":36.00178146362305,"y":0.19008880853652955,"z":13.345230102539063}