{"x":32.899749755859378,"y":0.19008570909500123,"z":-3.9900805950164797}