{"x":27.713274002075197,"y":0.190084308385849,"z":-11.774197578430176}