{"x":33.661399841308597,"y":0.19008681178092957,"z":2.2781896591186525}