{"x":32.998783111572269,"y":0.19008424878120423,"z":-12.105517387390137}