{"x":33.62178039550781,"y":0.19008412957191468,"z":-12.832201957702637}