{"x":26.914257049560548,"y":0.19008877873420716,"z":13.147866249084473}