{"x":27.096500396728517,"y":0.1900867521762848,"z":1.8182003498077393}