{"x":36.68396759033203,"y":0.1900859773159027,"z":-2.4691579341888429}