{"x":32.502281188964847,"y":0.19008582830429078,"z":-3.2595083713531496}