{"x":30.52618408203125,"y":0.18746596574783326,"z":11.275642395019532}