{"x":27.812362670898439,"y":0.19008570909500123,"z":-3.8702728748321535}