{"x":30.029804229736329,"y":0.19008877873420716,"z":13.18906307220459}