{"x":30.866455078125,"y":0.190084308385849,"z":-11.75029182434082}