{"x":30.371177673339845,"y":0.19008708000183106,"z":3.7068166732788088}