{"x":30.143165588378908,"y":0.19008868932724,"z":12.772886276245118}