{"x":36.65046691894531,"y":0.19008579850196839,"z":-3.4496304988861086}