{"x":30.707834243774415,"y":0.19008666276931764,"z":1.3384933471679688}