{"x":36.058494567871097,"y":0.19008868932724,"z":12.664539337158204}