{"x":32.871761322021487,"y":0.19008859992027284,"z":12.240432739257813}