{"x":28.92116355895996,"y":0.18746614456176759,"z":12.314594268798829}