{"x":30.35880470275879,"y":0.1900840699672699,"z":-13.1814546585083}