{"x":30.07877540588379,"y":0.19008669257164002,"z":1.5124822854995728}