{"x":35.83012771606445,"y":0.19008579850196839,"z":-3.4254658222198488}