{"x":27.841968536376954,"y":0.19008868932724,"z":12.727375030517579}