{"x":33.354095458984378,"y":0.19008618593215943,"z":-1.2806274890899659}