{"x":30.084396362304689,"y":0.19008421897888184,"z":-12.298327445983887}