{"x":30.958446502685548,"y":0.19008612632751466,"z":-1.580155611038208}