{"x":35.696834564208987,"y":0.19008582830429078,"z":-3.269019365310669}