{"x":30.735519409179689,"y":0.1900843381881714,"z":-11.603642463684082}