{"x":29.974140167236329,"y":0.19008412957191468,"z":-12.782357215881348}