{"x":33.7567253112793,"y":0.19008710980415345,"z":3.8683505058288576}