{"x":33.23550033569336,"y":0.19008880853652955,"z":13.350282669067383}