{"x":36.57259750366211,"y":0.19008409976959229,"z":-12.902176856994629}