{"x":33.13862228393555,"y":0.19008582830429078,"z":-3.3632380962371828}