{"x":36.413604736328128,"y":0.1900867521762848,"z":1.8757249116897584}