{"x":26.8966007232666,"y":0.19008594751358033,"z":-2.586261510848999}