{"x":36.58702087402344,"y":0.19008690118789674,"z":2.695566415786743}