{"x":36.494117736816409,"y":0.19008862972259522,"z":12.447701454162598}