{"x":33.621002197265628,"y":0.19008857011795045,"z":12.131438255310059}