{"x":32.53971862792969,"y":0.18746408820152284,"z":0.8640503883361816}