{"x":27.74991798400879,"y":0.19008603692054749,"z":-2.18302321434021}