{"x":30.635610580444337,"y":0.1900886595249176,"z":12.503902435302735}