{"x":36.8463249206543,"y":0.1874631941318512,"z":-4.177389144897461}