{"x":33.09473419189453,"y":0.19008710980415345,"z":3.86624813079834}