{"x":29.361188888549806,"y":0.19008633494377137,"z":-0.38579559326171877}