{"x":30.14297103881836,"y":0.1900840699672699,"z":-13.196236610412598}