{"x":28.231740951538087,"y":0.19008418917655946,"z":-12.421845436096192}