{"x":36.311344146728519,"y":0.19008868932724,"z":12.702271461486817}