{"x":29.621795654296876,"y":0.190084308385849,"z":-11.717001914978028}