{"x":30.522323608398439,"y":0.19008412957191468,"z":-12.816679954528809}