{"x":36.022789001464847,"y":0.1900869905948639,"z":3.178596258163452}