{"x":29.890880584716798,"y":0.19008710980415345,"z":3.906456470489502}