{"x":36.7130241394043,"y":0.1900842785835266,"z":-11.917362213134766}