{"x":32.69575881958008,"y":0.19008392095565797,"z":-14.007966041564942}