{"x":30.462284088134767,"y":0.19008585810661317,"z":-3.176386594772339}