{"x":30.639257431030275,"y":0.1900843381881714,"z":-11.642197608947754}