{"x":33.729042053222659,"y":0.19008857011795045,"z":12.01928997039795}