{"x":35.78458786010742,"y":0.19008713960647584,"z":4.068582534790039}