{"x":28.189533233642579,"y":0.19008579850196839,"z":-3.440890073776245}