{"x":34.035037994384769,"y":0.19008854031562806,"z":11.93917179107666}