{"x":30.39442253112793,"y":0.190084308385849,"z":-11.833542823791504}