{"x":30.63347816467285,"y":0.19008857011795045,"z":12.137497901916504}