{"x":35.82537841796875,"y":0.1900843381881714,"z":-11.61130428314209}