{"x":27.214502334594728,"y":0.19008857011795045,"z":12.116796493530274}