{"x":28.267261505126954,"y":0.19008609652519227,"z":-1.7364270687103272}