{"x":27.58154296875,"y":0.19008582830429078,"z":-3.28440260887146}