{"x":33.320152282714847,"y":0.19008713960647584,"z":4.126750469207764}