{"x":30.677623748779298,"y":0.19008880853652955,"z":13.40548324584961}