{"x":27.392471313476564,"y":0.19008705019950868,"z":3.4765424728393556}