{"x":29.914209365844728,"y":0.1900859773159027,"z":-2.4789183139801027}