{"x":36.388736724853519,"y":0.18746408820152284,"z":0.9190449714660645}