{"x":28.110116958618165,"y":0.1900859773159027,"z":-2.3930823802948}