{"x":28.045137405395509,"y":0.1900867223739624,"z":1.7704968452453614}