{"x":33.568477630615237,"y":0.1900886595249176,"z":12.563265800476075}