{"x":30.190813064575197,"y":0.1900843381881714,"z":-11.588414192199707}