{"x":27.451967239379884,"y":0.1900862157344818,"z":-1.1365797519683838}