{"x":36.28974533081055,"y":0.19008687138557435,"z":2.568099021911621}