{"x":34.58377456665039,"y":0.18746495246887208,"z":5.673251628875732}