{"x":26.990678787231447,"y":0.19008615612983704,"z":-1.425391435623169}