{"x":29.58018684387207,"y":0.19008418917655946,"z":-12.461962699890137}