{"x":27.55233383178711,"y":0.18746578693389893,"z":10.342180252075196}