{"x":27.18971061706543,"y":0.19008874893188477,"z":13.091007232666016}