{"x":33.497764587402347,"y":0.1900871992111206,"z":4.352073669433594}