{"x":33.1378059387207,"y":0.19008392095565797,"z":-13.943442344665528}