{"x":34.075382232666019,"y":0.19008594751358033,"z":-2.665405511856079}