{"x":36.697853088378909,"y":0.19008862972259522,"z":12.307406425476075}