{"x":30.70417594909668,"y":0.19008725881576539,"z":4.752835750579834}