{"x":27.861387252807618,"y":0.19008415937423707,"z":-12.552170753479004}