{"x":35.347286224365237,"y":0.19008424878120423,"z":-12.175389289855957}