{"x":30.312267303466798,"y":0.19008588790893556,"z":-2.9114439487457277}