{"x":26.41727638244629,"y":0.19008681178092957,"z":2.231441020965576}