{"x":30.16660499572754,"y":0.19008713960647584,"z":4.064763069152832}