{"x":27.657617568969728,"y":0.1900842785835266,"z":-11.973047256469727}