{"x":33.126319885253909,"y":0.19008851051330567,"z":11.758848190307618}