{"x":33.95798110961914,"y":0.1900842785835266,"z":-11.912598609924317}