{"x":27.50318717956543,"y":0.1900886595249176,"z":12.498666763305664}