{"x":28.121091842651368,"y":0.18746599555015565,"z":11.44487190246582}