{"x":31.160192489624025,"y":0.19008609652519227,"z":-1.7214691638946534}