{"x":26.805828094482423,"y":0.19008716940879823,"z":4.252383232116699}