{"x":35.005550384521487,"y":0.1874631941318512,"z":-4.083456993103027}