{"x":33.4383430480957,"y":0.19008421897888184,"z":-12.245226860046387}