{"x":33.64405822753906,"y":0.1900842785835266,"z":-11.93966293334961}