{"x":34.15806579589844,"y":0.1900842785835266,"z":-11.790070533752442}