{"x":32.92904281616211,"y":0.19008612632751466,"z":-1.7377922534942628}