{"x":30.211502075195314,"y":0.19008594751358033,"z":-2.6242620944976808}