{"x":36.373207092285159,"y":0.19008862972259522,"z":12.315485954284668}