{"x":27.521221160888673,"y":0.19008570909500123,"z":-3.876845598220825}