{"x":36.40934371948242,"y":0.19008663296699525,"z":1.2742445468902588}