{"x":30.724592208862306,"y":0.19008851051330567,"z":11.71336841583252}