{"x":36.107513427734378,"y":0.19008702039718629,"z":3.468034029006958}