{"x":30.693092346191408,"y":0.19008609652519227,"z":-1.79746413230896}