{"x":33.59634780883789,"y":0.19008702039718629,"z":3.453421115875244}