{"x":30.05697250366211,"y":0.19008424878120423,"z":-12.148138046264649}