{"x":30.179912567138673,"y":0.19008412957191468,"z":-12.862563133239746}