{"x":33.8189697265625,"y":0.19008618593215943,"z":-1.3234689235687256}