{"x":30.36177635192871,"y":0.18746307492256165,"z":-4.760354995727539}