{"x":33.24768829345703,"y":0.19008424878120423,"z":-12.15097427368164}