{"x":26.993206024169923,"y":0.19008681178092957,"z":2.1852431297302248}