{"x":30.060340881347658,"y":0.19008418917655946,"z":-12.488943099975586}