{"x":32.98389434814453,"y":0.19008854031562806,"z":11.811666488647461}