{"x":26.98917007446289,"y":0.19008713960647584,"z":4.110579490661621}