{"x":32.251983642578128,"y":0.18746396899223329,"z":0.25014257431030276}