{"x":35.730499267578128,"y":0.190085768699646,"z":-3.618150472640991}