{"x":36.44624710083008,"y":0.1900842785835266,"z":-11.867236137390137}