{"x":26.838245391845704,"y":0.1900862753391266,"z":-0.813366174697876}