{"x":36.23031997680664,"y":0.19008421897888184,"z":-12.357590675354004}