{"x":33.52882385253906,"y":0.19008862972259522,"z":12.362241744995118}