{"x":30.570457458496095,"y":0.1900869905948639,"z":3.2557551860809328}