{"x":26.966873168945314,"y":0.1900842785835266,"z":-11.911439895629883}