{"x":32.74299240112305,"y":0.1900843381881714,"z":-11.655756950378418}