{"x":27.597850799560548,"y":0.19008877873420716,"z":13.191390991210938}