{"x":33.28224563598633,"y":0.1900862455368042,"z":-1.0280768871307374}