{"x":27.71244239807129,"y":0.19008582830429078,"z":-3.3610761165618898}