{"x":36.23178482055664,"y":0.1900867223739624,"z":1.7882047891616822}