{"x":32.54015350341797,"y":0.1900862455368042,"z":-1.0363514423370362}