{"x":29.87397003173828,"y":0.19008418917655946,"z":-12.466118812561036}