{"x":30.206750869750978,"y":0.19008588790893556,"z":-2.9546821117401125}