{"x":27.373611450195314,"y":0.19008609652519227,"z":-1.747154951095581}