{"x":36.42523193359375,"y":0.19008609652519227,"z":-1.7522013187408448}