{"x":30.335851669311525,"y":0.19008862972259522,"z":12.320372581481934}