{"x":34.020751953125,"y":0.19008868932724,"z":12.776411056518555}