{"x":33.822940826416019,"y":0.19008848071098329,"z":11.556073188781739}