{"x":32.881072998046878,"y":0.19008424878120423,"z":-12.116679191589356}