{"x":32.65966796875,"y":0.19008609652519227,"z":-1.7814314365386963}