{"x":27.872482299804689,"y":0.19008857011795045,"z":12.100404739379883}