{"x":28.223915100097658,"y":0.1900857388973236,"z":-3.800844430923462}