{"x":32.05034255981445,"y":0.18746334314346314,"z":-3.3141307830810549}