{"x":32.73036575317383,"y":0.18746590614318849,"z":11.034540176391602}