{"x":32.77292251586914,"y":0.1900840699672699,"z":-12.866421699523926}