{"x":30.894412994384767,"y":0.19008678197860719,"z":2.0316128730773927}