{"x":30.36410140991211,"y":0.19008687138557435,"z":2.56601619720459}