{"x":27.2581844329834,"y":0.1874658763408661,"z":10.857203483581543}