{"x":29.981647491455079,"y":0.19008421897888184,"z":-12.207083702087403}