{"x":30.564775466918947,"y":0.1900859773159027,"z":-2.5005104541778566}