{"x":26.950828552246095,"y":0.19008585810661317,"z":-3.1800758838653566}