{"x":30.358644485473634,"y":0.19008705019950868,"z":3.5879292488098146}