{"x":36.350528717041019,"y":0.1900842785835266,"z":-11.875178337097168}