{"x":36.238136291503909,"y":0.19008684158325196,"z":2.344473123550415}