{"x":27.430267333984376,"y":0.1900843381881714,"z":-11.547791481018067}