{"x":30.57244110107422,"y":0.1900867521762848,"z":1.9356575012207032}