{"x":30.226364135742189,"y":0.19008609652519227,"z":-1.8574178218841553}