{"x":31.527402877807618,"y":0.1900857388973236,"z":-3.8406221866607668}