{"x":27.162248611450197,"y":0.19008588790893556,"z":-2.9956462383270265}