{"x":33.404197692871097,"y":0.19008612632751466,"z":-1.6829798221588135}