{"x":33.30153274536133,"y":0.19008877873420716,"z":13.230996131896973}