{"x":30.105661392211915,"y":0.18746313452720643,"z":-4.570664405822754}