{"x":30.43297004699707,"y":0.19008868932724,"z":12.770121574401856}