{"x":33.13860321044922,"y":0.19008705019950868,"z":3.5778844356536867}