{"x":26.74250030517578,"y":0.19008594751358033,"z":-2.632157564163208}