{"x":30.584684371948243,"y":0.19008708000183106,"z":3.7786426544189455}