{"x":27.379072189331056,"y":0.18746209144592286,"z":-10.379183769226075}