{"x":30.70063018798828,"y":0.19008857011795045,"z":12.061871528625489}