{"x":33.35792922973633,"y":0.19008868932724,"z":12.713549613952637}