{"x":33.594722747802737,"y":0.19008868932724,"z":12.65121078491211}