{"x":33.26699447631836,"y":0.19008877873420716,"z":13.280755043029786}