{"x":36.73552703857422,"y":0.19008859992027284,"z":12.320979118347168}