{"x":36.53594970703125,"y":0.1900843381881714,"z":-11.676894187927246}