{"x":30.620710372924806,"y":0.19008412957191468,"z":-12.829676628112793}