{"x":28.14895248413086,"y":0.1900886595249176,"z":12.527009010314942}