{"x":36.534000396728519,"y":0.19008669257164002,"z":1.7087230682373047}