{"x":30.07736587524414,"y":0.19008854031562806,"z":11.81484317779541}