{"x":30.254505157470704,"y":0.19008663296699525,"z":1.169313669204712}