{"x":26.85276222229004,"y":0.19008615612983704,"z":-1.432739019393921}