{"x":36.212669372558597,"y":0.1900862157344818,"z":-1.1898839473724366}