{"x":27.561616897583009,"y":0.19008585810661317,"z":-3.0904839038848879}