{"x":27.167335510253908,"y":0.19008848071098329,"z":11.616694450378418}