{"x":30.179882049560548,"y":0.19008851051330567,"z":11.700735092163086}