{"x":27.91346549987793,"y":0.19008418917655946,"z":-12.402966499328614}