{"x":30.162078857421876,"y":0.19008424878120423,"z":-12.079000473022461}