{"x":33.57427215576172,"y":0.19008868932724,"z":12.73993968963623}