{"x":30.12464141845703,"y":0.1900842785835266,"z":-11.909806251525879}