{"x":30.009353637695314,"y":0.190084308385849,"z":-11.71491527557373}