{"x":31.183427810668947,"y":0.19008859992027284,"z":12.397378921508789}