{"x":30.61361312866211,"y":0.19008854031562806,"z":11.80774974822998}