{"x":27.564363479614259,"y":0.190087229013443,"z":4.548717021942139}