{"x":27.831501007080079,"y":0.19008862972259522,"z":12.353446006774903}