{"x":32.37114715576172,"y":0.1874619722366333,"z":-10.992814064025879}