{"x":33.24587631225586,"y":0.19008579850196839,"z":-3.590362310409546}