{"x":27.478933334350587,"y":0.19008594751358033,"z":-2.6865346431732179}