{"x":27.566970825195314,"y":0.19008705019950868,"z":3.6286778450012209}