{"x":27.900577545166017,"y":0.19008418917655946,"z":-12.431557655334473}