{"x":30.580778121948243,"y":0.19008618593215943,"z":-1.3378469944000245}