{"x":27.31466293334961,"y":0.19008612632751466,"z":-1.5544025897979737}