{"x":30.35279655456543,"y":0.19008868932724,"z":12.657898902893067}