{"x":31.204021453857423,"y":0.1874658465385437,"z":10.757064819335938}