{"x":30.473295211791993,"y":0.1874622106552124,"z":-9.624300956726075}