{"x":36.221290588378909,"y":0.1900862455368042,"z":-1.0135033130645753}