{"x":27.447439193725587,"y":0.19008702039718629,"z":3.3833670616149904}