{"x":30.660856246948243,"y":0.19008687138557435,"z":2.525660514831543}