{"x":33.88019943237305,"y":0.19008594751358033,"z":-2.5898091793060304}