{"x":36.41574478149414,"y":0.1874620020389557,"z":-10.972502708435059}