{"x":30.74736213684082,"y":0.19008585810661317,"z":-3.132000207901001}