{"x":27.005273818969728,"y":0.19008708000183106,"z":3.7845609188079836}