{"x":33.21821975708008,"y":0.19008424878120423,"z":-12.176309585571289}