{"x":33.11851501464844,"y":0.19008871912956239,"z":12.830953598022461}