{"x":33.61345672607422,"y":0.1900886595249176,"z":12.563833236694336}