{"x":30.38539695739746,"y":0.19008663296699525,"z":1.1780455112457276}