{"x":30.53220558166504,"y":0.19008705019950868,"z":3.4958646297454836}