{"x":36.25458526611328,"y":0.19008702039718629,"z":3.460533618927002}