{"x":30.404987335205079,"y":0.19008603692054749,"z":-2.1943867206573488}