{"x":27.934141159057618,"y":0.19008681178092957,"z":2.286283254623413}