{"x":30.45777702331543,"y":0.1900842785835266,"z":-11.982776641845704}