{"x":32.78373336791992,"y":0.19008669257164002,"z":1.5481343269348145}