{"x":31.181060791015626,"y":0.18746599555015565,"z":11.44346809387207}