{"x":31.087678909301759,"y":0.19008606672286988,"z":-1.9505374431610108}