{"x":35.98228454589844,"y":0.19008615612983704,"z":-1.4787328243255616}