{"x":36.476661682128909,"y":0.19008421897888184,"z":-12.265844345092774}