{"x":36.532958984375,"y":0.19008639454841615,"z":-0.06341101229190827}