{"x":30.837934494018556,"y":0.19008436799049378,"z":-11.517623901367188}