{"x":36.78263854980469,"y":0.19008412957191468,"z":-12.859894752502442}