{"x":27.87847328186035,"y":0.1900842785835266,"z":-11.88504695892334}