{"x":36.38987731933594,"y":0.18746408820152284,"z":0.7954034805297852}