{"x":29.89690589904785,"y":0.19008591771125794,"z":-2.806986093521118}