{"x":31.102684020996095,"y":0.19008570909500123,"z":-4.000578880310059}