{"x":27.991348266601564,"y":0.18746599555015565,"z":11.561332702636719}