{"x":27.722671508789064,"y":0.19008684158325196,"z":2.3483352661132814}