{"x":27.517913818359376,"y":0.19008579850196839,"z":-3.3037235736846926}