{"x":36.227500915527347,"y":0.18746399879455567,"z":0.27292585372924807}