{"x":32.96400451660156,"y":0.1900867223739624,"z":1.7137513160705567}