{"x":27.530271530151368,"y":0.1900886595249176,"z":12.400212287902832}