{"x":30.135026931762697,"y":0.19008848071098329,"z":11.57321834564209}