{"x":27.81726837158203,"y":0.19008678197860719,"z":2.089535713195801}