{"x":27.816322326660158,"y":0.1900867223739624,"z":1.7690616846084595}