{"x":36.60030746459961,"y":0.1900867223739624,"z":1.7732075452804566}