{"x":35.98442459106445,"y":0.19008579850196839,"z":-3.4509541988372804}