{"x":32.40089416503906,"y":0.19008848071098329,"z":11.743269920349121}