{"x":34.177947998046878,"y":0.19008636474609376,"z":-0.24100638926029206}