{"x":29.269725799560548,"y":0.19008442759513856,"z":-11.086653709411621}