{"x":33.18975830078125,"y":0.19008630514144898,"z":-0.6536705493927002}