{"x":27.536466598510743,"y":0.19008871912956239,"z":12.831191062927246}