{"x":28.97667121887207,"y":0.18746307492256165,"z":-4.887020111083984}