{"x":27.8066349029541,"y":0.19008606672286988,"z":-1.9761593341827393}