{"x":33.130130767822269,"y":0.1900886595249176,"z":12.563570976257325}