{"x":27.387971878051759,"y":0.19008582830429078,"z":-3.244490385055542}