{"x":30.208406448364259,"y":0.19008702039718629,"z":3.425341844558716}