{"x":33.525089263916019,"y":0.19008418917655946,"z":-12.443572998046875}