{"x":27.38542938232422,"y":0.19008591771125794,"z":-2.741821527481079}