{"x":34.4280891418457,"y":0.19008883833885194,"z":13.578824996948243}