{"x":30.43349266052246,"y":0.18746593594551087,"z":11.106487274169922}