{"x":27.914676666259767,"y":0.19008859992027284,"z":12.229334831237793}