{"x":30.287973403930665,"y":0.19008409976959229,"z":-12.97834300994873}