{"x":30.272409439086915,"y":0.19008615612983704,"z":-1.4253427982330323}