{"x":28.262128829956056,"y":0.19008678197860719,"z":2.130647659301758}