{"x":33.64480209350586,"y":0.19008857011795045,"z":11.988213539123536}