{"x":33.41266632080078,"y":0.19008687138557435,"z":2.5391077995300295}