{"x":30.278491973876954,"y":0.19008874893188477,"z":13.116841316223145}