{"x":33.31270980834961,"y":0.1900862157344818,"z":-1.1730191707611085}