{"x":27.8153133392334,"y":0.19008868932724,"z":12.69477367401123}