{"x":36.752872467041019,"y":0.190085768699646,"z":-3.6837174892425539}