{"x":35.819210052490237,"y":0.1874620020389557,"z":-10.835083961486817}