{"x":32.98723602294922,"y":0.1900842785835266,"z":-11.869508743286133}