{"x":36.336883544921878,"y":0.19008567929267884,"z":-3.8673293590545656}