{"x":35.663265228271487,"y":0.1874620020389557,"z":-10.855568885803223}