{"x":28.39244842529297,"y":0.19008848071098329,"z":11.604743003845215}