{"x":27.68489646911621,"y":0.1900886595249176,"z":12.530595779418946}