{"x":27.97161102294922,"y":0.19008868932724,"z":12.74240779876709}