{"x":30.21590805053711,"y":0.19008579850196839,"z":-3.5195658206939699}