{"x":26.814104080200197,"y":0.19008684158325196,"z":2.3056349754333498}