{"x":32.582366943359378,"y":0.19008639454841615,"z":-0.15165330469608308}