{"x":27.147783279418947,"y":0.18746402859687806,"z":0.5253963470458984}