{"x":30.141698837280275,"y":0.19008681178092957,"z":2.2330374717712404}