{"x":27.403982162475587,"y":0.19008603692054749,"z":-2.114666700363159}