{"x":30.669801712036134,"y":0.19008603692054749,"z":-2.150838613510132}