{"x":35.86097717285156,"y":0.19008582830429078,"z":-3.250946283340454}