{"x":32.914161682128909,"y":0.1900886595249176,"z":12.57237434387207}