{"x":30.079557418823243,"y":0.19008591771125794,"z":-2.819931745529175}