{"x":30.076215744018556,"y":0.19008424878120423,"z":-12.149571418762207}