{"x":31.45884895324707,"y":0.19008415937423707,"z":-12.601561546325684}