{"x":36.58674621582031,"y":0.19008594751358033,"z":-2.6469027996063234}