{"x":30.983407974243165,"y":0.1900857388973236,"z":-3.8064677715301515}