{"x":35.96909713745117,"y":0.19008684158325196,"z":2.46785831451416}