{"x":30.123716354370118,"y":0.19008436799049378,"z":-11.526315689086914}