{"x":30.765727996826173,"y":0.19008418917655946,"z":-12.473258018493653}