{"x":30.148048400878908,"y":0.19008606672286988,"z":-1.9223530292510987}