{"x":36.20191192626953,"y":0.19008618593215943,"z":-1.278745412826538}