{"x":29.926450729370118,"y":0.19008606672286988,"z":-1.9122703075408936}