{"x":36.199031829833987,"y":0.19008663296699525,"z":1.209280252456665}