{"x":36.64037322998047,"y":0.190084308385849,"z":-11.841901779174805}