{"x":36.646121978759769,"y":0.18746215105056764,"z":-9.96123218536377}