{"x":36.25672912597656,"y":0.190085768699646,"z":-3.6270596981048586}