{"x":28.97238540649414,"y":0.18746599555015565,"z":11.436834335327149}