{"x":35.97751998901367,"y":0.19008615612983704,"z":-1.510758638381958}