{"x":27.3789119720459,"y":0.19008412957191468,"z":-12.709685325622559}