{"x":26.67737579345703,"y":0.19008412957191468,"z":-12.799210548400879}