{"x":35.27223205566406,"y":0.18746599555015565,"z":11.518184661865235}