{"x":33.04719543457031,"y":0.19008708000183106,"z":3.7892508506774904}