{"x":33.17598342895508,"y":0.19008603692054749,"z":-2.111077070236206}