{"x":30.006954193115236,"y":0.190084308385849,"z":-11.756341934204102}