{"x":36.1954345703125,"y":0.19008415937423707,"z":-12.612008094787598}