{"x":29.94766616821289,"y":0.19008705019950868,"z":3.500664234161377}