{"x":27.28209114074707,"y":0.19008684158325196,"z":2.3149805068969728}