{"x":36.11564636230469,"y":0.19008585810661317,"z":-3.153418779373169}