{"x":36.359718322753909,"y":0.19008594751358033,"z":-2.64933180809021}