{"x":30.358367919921876,"y":0.19008579850196839,"z":-3.384864568710327}