{"x":35.20390701293945,"y":0.19008424878120423,"z":-12.210199356079102}