{"x":33.023590087890628,"y":0.1900862753391266,"z":-0.7631871700286865}