{"x":31.17949867248535,"y":0.19008588790893556,"z":-2.8746893405914308}