{"x":31.024301528930665,"y":0.1900860071182251,"z":-2.2837517261505129}