{"x":27.871644973754884,"y":0.19008594751358033,"z":-2.589163064956665}