{"x":36.406070709228519,"y":0.190085768699646,"z":-3.5543062686920168}