{"x":30.512287139892579,"y":0.19008857011795045,"z":12.003582954406739}