{"x":27.50743293762207,"y":0.19008633494377137,"z":-0.5088732242584229}