{"x":35.4149284362793,"y":0.18746593594551087,"z":11.14225959777832}