{"x":27.5854549407959,"y":0.19008716940879823,"z":4.1828293800354}