{"x":33.801326751708987,"y":0.18746599555015565,"z":11.535640716552735}