{"x":33.16529083251953,"y":0.19008415937423707,"z":-12.569233894348145}