{"x":31.326736450195314,"y":0.19008728861808778,"z":4.862727165222168}