{"x":32.692970275878909,"y":0.1900888979434967,"z":13.881733894348145}