{"x":33.272762298583987,"y":0.19008725881576539,"z":4.703244209289551}