{"x":33.212623596191409,"y":0.19008609652519227,"z":-1.7922642230987549}