{"x":30.495079040527345,"y":0.1900869905948639,"z":3.2115180492401125}