{"x":26.90613555908203,"y":0.19008421897888184,"z":-12.257539749145508}