{"x":33.29328918457031,"y":0.19008418917655946,"z":-12.437379837036133}