{"x":27.66065216064453,"y":0.1900867223739624,"z":1.7477434873580933}