{"x":32.53322982788086,"y":0.19008880853652955,"z":13.317289352416993}