{"x":30.6679744720459,"y":0.19008606672286988,"z":-2.027519464492798}