{"x":30.46173095703125,"y":0.19008708000183106,"z":3.739645004272461}