{"x":36.68925857543945,"y":0.18746402859687806,"z":0.5658149719238281}