{"x":30.254497528076173,"y":0.1900869905948639,"z":3.186192512512207}