{"x":30.898025512695314,"y":0.19008710980415345,"z":3.8863909244537355}