{"x":36.65061950683594,"y":0.1900857388973236,"z":-3.7850282192230226}