{"x":35.25666046142578,"y":0.19008684158325196,"z":2.3151183128356935}