{"x":36.282142639160159,"y":0.19008868932724,"z":12.639419555664063}