{"x":30.687536239624025,"y":0.1900840699672699,"z":-13.040812492370606}