{"x":33.305912017822269,"y":0.19008702039718629,"z":3.441425323486328}