{"x":27.66781997680664,"y":0.190084308385849,"z":-11.827590942382813}