{"x":30.118181228637697,"y":0.19008436799049378,"z":-11.440680503845215}