{"x":27.51664161682129,"y":0.19008681178092957,"z":2.216958999633789}