{"x":27.76787757873535,"y":0.1874658167362213,"z":10.521742820739746}