{"x":27.415807723999025,"y":0.19008439779281617,"z":-11.298994064331055}