{"x":29.97247314453125,"y":0.19008678197860719,"z":2.0741162300109865}