{"x":27.035991668701173,"y":0.18746322393417359,"z":-4.058828353881836}