{"x":30.554014205932618,"y":0.19008874893188477,"z":13.035964965820313}