{"x":33.23012161254883,"y":0.19008585810661317,"z":-3.095003366470337}