{"x":33.25254440307617,"y":0.18746307492256165,"z":-4.766511917114258}