{"x":33.13343048095703,"y":0.19008612632751466,"z":-1.5728099346160889}