{"x":27.400890350341798,"y":0.1900842785835266,"z":-12.013957023620606}