{"x":37.03290557861328,"y":0.19008421897888184,"z":-12.2909517288208}