{"x":33.82479476928711,"y":0.19008687138557435,"z":2.4786343574523927}