{"x":33.731239318847659,"y":0.19008877873420716,"z":13.295068740844727}