{"x":30.386802673339845,"y":0.1900859773159027,"z":-2.5248429775238039}