{"x":30.19123649597168,"y":0.1900860071182251,"z":-2.2085564136505129}