{"x":32.9654541015625,"y":0.1900843381881714,"z":-11.627213478088379}