{"x":36.061336517333987,"y":0.19008424878120423,"z":-12.051294326782227}