{"x":31.107481002807618,"y":0.19008710980415345,"z":3.875761032104492}