{"x":36.8543586730957,"y":0.19008591771125794,"z":-2.7760632038116457}