{"x":32.94682312011719,"y":0.19008436799049378,"z":-11.506035804748536}