{"x":36.93928909301758,"y":0.190085768699646,"z":-3.5812323093414308}