{"x":28.787281036376954,"y":0.18746602535247804,"z":11.637443542480469}