{"x":28.135982513427736,"y":0.19008681178092957,"z":2.18729305267334}