{"x":37.40950012207031,"y":0.1900862157344818,"z":-1.1902258396148682}