{"x":29.923551559448243,"y":0.1900867521762848,"z":1.8551443815231324}