{"x":32.94961929321289,"y":0.19008862972259522,"z":12.303667068481446}