{"x":36.404457092285159,"y":0.19008612632751466,"z":-1.6809308528900147}