{"x":33.389530181884769,"y":0.1900842785835266,"z":-12.015819549560547}