{"x":32.912105560302737,"y":0.19008868932724,"z":12.696256637573243}