{"x":27.38104820251465,"y":0.1900859773159027,"z":-2.4495160579681398}