{"x":27.6739559173584,"y":0.18746596574783326,"z":11.374185562133789}