{"x":30.301464080810548,"y":0.19008424878120423,"z":-12.075353622436524}