{"x":27.3846378326416,"y":0.1900860071182251,"z":-2.293156862258911}