{"x":36.55085372924805,"y":0.19008666276931764,"z":1.4373383522033692}