{"x":35.555213928222659,"y":0.19008609652519227,"z":-1.6812045574188233}