{"x":30.553903579711915,"y":0.19008854031562806,"z":11.889357566833496}