{"x":30.213403701782228,"y":0.19008591771125794,"z":-2.725130796432495}