{"x":27.421300888061525,"y":0.19008618593215943,"z":-1.3511512279510499}