{"x":33.72995376586914,"y":0.19008725881576539,"z":4.740721702575684}