{"x":26.99197769165039,"y":0.19008874893188477,"z":13.12267017364502}