{"x":33.17371368408203,"y":0.1900869607925415,"z":3.095973253250122}