{"x":27.33549690246582,"y":0.19008851051330567,"z":11.716238021850586}