{"x":27.380064010620118,"y":0.19008710980415345,"z":3.8448450565338136}