{"x":35.79790115356445,"y":0.19008609652519227,"z":-1.7092740535736085}