{"x":29.971364974975587,"y":0.19008415937423707,"z":-12.593689918518067}