{"x":30.57355308532715,"y":0.19008681178092957,"z":2.1369123458862306}