{"x":30.185380935668947,"y":0.18746578693389893,"z":10.286622047424317}