{"x":30.647693634033204,"y":0.1900886595249176,"z":12.553711891174317}