{"x":27.046770095825197,"y":0.19008618593215943,"z":-1.206580400466919}