{"x":33.61595153808594,"y":0.19008877873420716,"z":13.216205596923829}