{"x":27.713438034057618,"y":0.19008436799049378,"z":-11.459419250488282}