{"x":33.0411491394043,"y":0.1900843381881714,"z":-11.694134712219239}