{"x":32.52952575683594,"y":0.1900843381881714,"z":-11.622742652893067}