{"x":27.321447372436525,"y":0.19008418917655946,"z":-12.446695327758789}