{"x":30.10892105102539,"y":0.19008424878120423,"z":-12.148679733276368}