{"x":35.657562255859378,"y":0.19008854031562806,"z":11.964829444885254}