{"x":27.77866554260254,"y":0.19008412957191468,"z":-12.721648216247559}