{"x":27.27652931213379,"y":0.1874648630619049,"z":5.1680450439453129}