{"x":28.323591232299806,"y":0.19008859992027284,"z":12.274059295654297}