{"x":31.342693328857423,"y":0.19008442759513856,"z":-11.078330993652344}