{"x":30.589309692382814,"y":0.1874622404575348,"z":-9.491601943969727}