{"x":36.199134826660159,"y":0.19008591771125794,"z":-2.849418878555298}