{"x":34.08971405029297,"y":0.19008859992027284,"z":12.300506591796875}