{"x":33.20280456542969,"y":0.1874631643295288,"z":-4.292574882507324}