{"x":36.78248977661133,"y":0.19008687138557435,"z":2.6219065189361574}