{"x":36.3436393737793,"y":0.19008603692054749,"z":-2.184648275375366}