{"x":30.70488929748535,"y":0.19008702039718629,"z":3.3676767349243166}