{"x":33.61477279663086,"y":0.1900869607925415,"z":3.0127553939819338}