{"x":27.619089126586915,"y":0.1900862455368042,"z":-0.9546582698822022}