{"x":36.763397216796878,"y":0.1900857388973236,"z":-3.714433431625366}