{"x":29.8093318939209,"y":0.19008442759513856,"z":-11.163945198059082}