{"x":33.308326721191409,"y":0.19008594751358033,"z":-2.65763783454895}