{"x":26.747879028320314,"y":0.19008618593215943,"z":-1.1989967823028565}