{"x":33.36650085449219,"y":0.19008678197860719,"z":2.0074472427368166}