{"x":33.60599899291992,"y":0.19008851051330567,"z":11.87308406829834}