{"x":27.344249725341798,"y":0.1900859773159027,"z":-2.405193567276001}