{"x":33.0173225402832,"y":0.19008874893188477,"z":12.97385311126709}