{"x":30.30695915222168,"y":0.19008851051330567,"z":11.739169120788575}