{"x":26.908876419067384,"y":0.1900857388973236,"z":-3.860273599624634}