{"x":36.271488189697269,"y":0.19008421897888184,"z":-12.319867134094239}