{"x":29.961265563964845,"y":0.19008857011795045,"z":12.043793678283692}