{"x":26.967912673950197,"y":0.1900843381881714,"z":-11.618897438049317}