{"x":36.596195220947269,"y":0.19008421897888184,"z":-12.302911758422852}