{"x":30.869522094726564,"y":0.1900842785835266,"z":-11.87545108795166}