{"x":33.65929412841797,"y":0.1900840401649475,"z":-13.249173164367676}