{"x":27.858469009399415,"y":0.18746578693389893,"z":10.28530216217041}