{"x":27.935470581054689,"y":0.19008579850196839,"z":-3.451741933822632}