{"x":26.77468490600586,"y":0.18746599555015565,"z":11.439251899719239}