{"x":27.803287506103517,"y":0.19008868932724,"z":12.646462440490723}