{"x":30.471691131591798,"y":0.19008585810661317,"z":-3.1720130443573}