{"x":30.448341369628908,"y":0.19008585810661317,"z":-3.09252667427063}