{"x":33.20943832397461,"y":0.19008883833885194,"z":13.573097229003907}