{"x":30.49391746520996,"y":0.19008594751358033,"z":-2.5392091274261476}