{"x":27.390348434448243,"y":0.19008591771125794,"z":-2.8568623065948488}