{"x":36.3398323059082,"y":0.19008588790893556,"z":-2.927044630050659}