{"x":28.384204864501954,"y":0.19008618593215943,"z":-1.2391893863677979}