{"x":30.177087783813478,"y":0.1900886595249176,"z":12.578490257263184}