{"x":36.261714935302737,"y":0.1900842785835266,"z":-11.937042236328125}