{"x":33.76091003417969,"y":0.19008883833885194,"z":13.553627014160157}