{"x":36.49178695678711,"y":0.19008415937423707,"z":-12.665091514587403}