{"x":33.81313705444336,"y":0.19008713960647584,"z":4.124363899230957}