{"x":32.5387077331543,"y":0.1874658167362213,"z":10.53032112121582}