{"x":33.20038604736328,"y":0.19008424878120423,"z":-12.186042785644532}