{"x":30.721263885498048,"y":0.19008630514144898,"z":-0.5434386730194092}