{"x":27.053613662719728,"y":0.19008582830429078,"z":-3.1875689029693605}