{"x":35.81663131713867,"y":0.1900857388973236,"z":-3.794745683670044}