{"x":27.3251953125,"y":0.1900860071182251,"z":-2.289212942123413}