{"x":33.15479278564453,"y":0.19008708000183106,"z":3.666795015335083}