{"x":32.59032440185547,"y":0.19008857011795045,"z":12.035422325134278}