{"x":32.941619873046878,"y":0.19008687138557435,"z":2.486142158508301}