{"x":36.276397705078128,"y":0.19008868932724,"z":12.757488250732422}