{"x":27.00226593017578,"y":0.1874620020389557,"z":-10.913613319396973}