{"x":32.78709411621094,"y":0.19008862972259522,"z":12.410709381103516}