{"x":32.93547058105469,"y":0.1900859773159027,"z":-2.3881070613861086}