{"x":32.60149002075195,"y":0.19008857011795045,"z":12.064995765686036}