{"x":30.286989212036134,"y":0.18746313452720643,"z":-4.6303815841674809}