{"x":36.365196228027347,"y":0.190085768699646,"z":-3.7574288845062258}