{"x":30.849576950073243,"y":0.19008585810661317,"z":-3.2174384593963625}