{"x":33.130985260009769,"y":0.19008615612983704,"z":-1.3863227367401124}