{"x":30.88311195373535,"y":0.19008415937423707,"z":-12.641036033630371}