{"x":28.259172439575197,"y":0.1900867223739624,"z":1.7705610990524293}