{"x":33.66975784301758,"y":0.19008588790893556,"z":-2.947007894515991}