{"x":36.28789520263672,"y":0.19008612632751466,"z":-1.6187965869903565}