{"x":36.56810760498047,"y":0.19008424878120423,"z":-12.088814735412598}