{"x":27.185884475708009,"y":0.1874631941318512,"z":-4.15544319152832}