{"x":30.357847213745118,"y":0.19008684158325196,"z":2.3886940479278566}