{"x":27.108348846435548,"y":0.19008418917655946,"z":-12.501822471618653}