{"x":31.554224014282228,"y":0.19008854031562806,"z":11.892200469970704}