{"x":33.81694412231445,"y":0.1900867521762848,"z":1.9618685245513917}