{"x":30.295671463012697,"y":0.19008663296699525,"z":1.289097547531128}