{"x":27.33721160888672,"y":0.18746596574783326,"z":11.321560859680176}