{"x":31.165401458740236,"y":0.1900842785835266,"z":-11.94941520690918}