{"x":33.228187561035159,"y":0.1900869607925415,"z":3.058332681655884}