{"x":37.01241683959961,"y":0.1900840699672699,"z":-12.999770164489746}