{"x":33.09675598144531,"y":0.18746396899223329,"z":0.07354114949703217}