{"x":33.7763671875,"y":0.19008708000183106,"z":3.6945388317108156}