{"x":33.21387481689453,"y":0.19008669257164002,"z":1.5125904083251954}