{"x":29.715551376342775,"y":0.19008713960647584,"z":3.970919609069824}