{"x":33.9141845703125,"y":0.19008603692054749,"z":-2.0326168537139894}