{"x":27.207801818847658,"y":0.19008582830429078,"z":-3.326706647872925}