{"x":30.04822540283203,"y":0.19008421897888184,"z":-12.205314636230469}