{"x":30.668981552124025,"y":0.19008851051330567,"z":11.80008602142334}