{"x":35.87666320800781,"y":0.1900843381881714,"z":-11.588166236877442}