{"x":37.22735595703125,"y":0.190085768699646,"z":-3.472381353378296}