{"x":33.36330795288086,"y":0.190087229013443,"z":4.531193256378174}