{"x":29.944202423095704,"y":0.19008424878120423,"z":-12.115467071533204}