{"x":36.02411651611328,"y":0.1900862753391266,"z":-0.8010499477386475}