{"x":31.079435348510743,"y":0.19008418917655946,"z":-12.358824729919434}