{"x":30.713224411010743,"y":0.19008594751358033,"z":-2.637683153152466}