{"x":27.09250831604004,"y":0.19008708000183106,"z":3.736769914627075}