{"x":28.07745361328125,"y":0.19008877873420716,"z":13.220269203186036}