{"x":36.577354431152347,"y":0.19008591771125794,"z":-2.82535719871521}