{"x":32.647705078125,"y":0.1900843381881714,"z":-11.765158653259278}