{"x":27.44855308532715,"y":0.19008687138557435,"z":2.510469436645508}