{"x":30.440446853637697,"y":0.19008594751358033,"z":-2.665973424911499}