{"x":36.76403045654297,"y":0.19008603692054749,"z":-2.116600751876831}