{"x":26.733016967773439,"y":0.1900840401649475,"z":-13.302495002746582}