{"x":27.280000686645509,"y":0.19008412957191468,"z":-12.832823753356934}