{"x":30.630634307861329,"y":0.19008424878120423,"z":-12.064413070678711}