{"x":32.80098342895508,"y":0.19008392095565797,"z":-13.925145149230957}