{"x":34.287689208984378,"y":0.19008868932724,"z":12.67218017578125}