{"x":27.887245178222658,"y":0.19008857011795045,"z":12.061378479003907}