{"x":30.8828067779541,"y":0.19008705019950868,"z":3.5760834217071535}