{"x":33.459129333496097,"y":0.19008633494377137,"z":-0.24872399866580964}