{"x":30.267223358154298,"y":0.19008424878120423,"z":-12.048497200012207}