{"x":36.69261169433594,"y":0.1900859773159027,"z":-2.479046583175659}