{"x":33.32743453979492,"y":0.19008585810661317,"z":-3.080299139022827}