{"x":30.481403350830079,"y":0.19008585810661317,"z":-3.1586883068084719}