{"x":27.91433334350586,"y":0.18746301531791688,"z":-5.206745147705078}