{"x":33.283939361572269,"y":0.19008421897888184,"z":-12.261053085327149}