{"x":27.736417770385743,"y":0.19008579850196839,"z":-3.3911683559417726}