{"x":36.113731384277347,"y":0.19008594751358033,"z":-2.5504610538482668}