{"x":27.44232177734375,"y":0.19008663296699525,"z":1.1067087650299073}