{"x":35.36241912841797,"y":0.19008585810661317,"z":-3.0409181118011476}