{"x":35.314327239990237,"y":0.19008690118789674,"z":2.7081334590911867}