{"x":28.410680770874025,"y":0.190084308385849,"z":-11.762205123901368}