{"x":33.718910217285159,"y":0.19008708000183106,"z":3.637610673904419}