{"x":33.04150390625,"y":0.1900857388973236,"z":-3.7613213062286379}