{"x":33.94940185546875,"y":0.19008436799049378,"z":-11.523674011230469}