{"x":33.79701614379883,"y":0.19008591771125794,"z":-2.890319585800171}