{"x":27.285911560058595,"y":0.190085768699646,"z":-3.654315710067749}