{"x":36.9351692199707,"y":0.1900842785835266,"z":-11.974679946899414}