{"x":27.841066360473634,"y":0.1874631643295288,"z":-4.274966239929199}