{"x":30.449382781982423,"y":0.18746599555015565,"z":11.463577270507813}