{"x":30.816057205200197,"y":0.1900867521762848,"z":1.8021191358566285}