{"x":27.668926239013673,"y":0.1900859773159027,"z":-2.4128401279449465}