{"x":30.666494369506837,"y":0.19008585810661317,"z":-3.165205240249634}