{"x":30.359392166137697,"y":0.19008612632751466,"z":-1.5733520984649659}