{"x":30.199359893798829,"y":0.19008606672286988,"z":-1.875568151473999}