{"x":28.070751190185548,"y":0.19008859992027284,"z":12.212615013122559}