{"x":34.21910858154297,"y":0.19008857011795045,"z":12.074493408203125}