{"x":36.705299377441409,"y":0.19008609652519227,"z":-1.8506190776824952}