{"x":30.523080825805665,"y":0.19008421897888184,"z":-12.361061096191407}