{"x":35.988948822021487,"y":0.19008570909500123,"z":-3.954223871231079}