{"x":36.9112434387207,"y":0.19008579850196839,"z":-3.4557082653045656}