{"x":36.01068878173828,"y":0.19008594751358033,"z":-2.671124219894409}