{"x":33.277191162109378,"y":0.19008418917655946,"z":-12.509526252746582}