{"x":36.096961975097659,"y":0.19008663296699525,"z":1.4391112327575684}