{"x":28.03827667236328,"y":0.19008862972259522,"z":12.354546546936036}