{"x":30.830608367919923,"y":0.1900842785835266,"z":-12.00290584564209}