{"x":33.30945587158203,"y":0.19008421897888184,"z":-12.339698791503907}