{"x":29.70928382873535,"y":0.19008708000183106,"z":3.697654962539673}