{"x":36.37568664550781,"y":0.19008681178092957,"z":2.2681469917297365}