{"x":32.89808654785156,"y":0.19008857011795045,"z":12.09940242767334}