{"x":36.36204147338867,"y":0.19008681178092957,"z":2.2313661575317385}