{"x":36.50168228149414,"y":0.19008421897888184,"z":-12.296061515808106}