{"x":32.990230560302737,"y":0.19008436799049378,"z":-11.446525573730469}