{"x":33.576751708984378,"y":0.19008630514144898,"z":-0.5435144901275635}