{"x":33.56250762939453,"y":0.190084308385849,"z":-11.830954551696778}