{"x":36.39991760253906,"y":0.19008612632751466,"z":-1.705399751663208}