{"x":30.95096778869629,"y":0.19008848071098329,"z":11.589038848876954}