{"x":29.997407913208009,"y":0.1900842785835266,"z":-11.978103637695313}