{"x":26.902202606201173,"y":0.19008868932724,"z":12.777310371398926}