{"x":35.26058578491211,"y":0.18746602535247804,"z":11.518087387084961}