{"x":34.18973159790039,"y":0.1900862455368042,"z":-0.8899862766265869}