{"x":27.147947311401368,"y":0.1900843381881714,"z":-11.618643760681153}