{"x":35.630760192871097,"y":0.19008857011795045,"z":12.017742156982422}