{"x":33.37214279174805,"y":0.19008594751358033,"z":-2.6851413249969484}