{"x":31.132665634155275,"y":0.19008570909500123,"z":-3.865219831466675}