{"x":36.093780517578128,"y":0.190084308385849,"z":-11.754785537719727}