{"x":33.95712661743164,"y":0.19008848071098329,"z":11.634135246276856}