{"x":36.60862350463867,"y":0.19008681178092957,"z":2.246992588043213}