{"x":30.38855743408203,"y":0.1900840699672699,"z":-13.059006690979004}