{"x":33.66743469238281,"y":0.19008886814117433,"z":13.792899131774903}