{"x":29.867185592651368,"y":0.19008424878120423,"z":-12.036408424377442}