{"x":35.10929489135742,"y":0.18746322393417359,"z":-4.062878608703613}