{"x":30.1854248046875,"y":0.19008681178092957,"z":2.25706148147583}