{"x":30.878110885620118,"y":0.19008862972259522,"z":12.344741821289063}