{"x":27.11138343811035,"y":0.1900840699672699,"z":-13.044081687927246}