{"x":27.289072036743165,"y":0.19008421897888184,"z":-12.278748512268067}