{"x":30.56102752685547,"y":0.19008877873420716,"z":13.145421981811524}