{"x":33.50189971923828,"y":0.1900886595249176,"z":12.593789100646973}