{"x":32.592247009277347,"y":0.19008630514144898,"z":-0.6120412349700928}