{"x":28.000999450683595,"y":0.190084308385849,"z":-11.75825309753418}