{"x":31.91981315612793,"y":0.1874617338180542,"z":-12.313454627990723}