{"x":33.561241149902347,"y":0.19008418917655946,"z":-12.50463581085205}