{"x":33.73175811767578,"y":0.1900842785835266,"z":-11.918248176574707}