{"x":36.31312942504883,"y":0.1900867223739624,"z":1.6671574115753174}