{"x":33.77991485595703,"y":0.19008854031562806,"z":11.840987205505371}