{"x":36.75005340576172,"y":0.1874631643295288,"z":-4.420036315917969}