{"x":32.86557388305664,"y":0.19008708000183106,"z":3.7082772254943849}