{"x":30.158185958862306,"y":0.18746590614318849,"z":10.977224349975586}