{"x":34.02671432495117,"y":0.1900867223739624,"z":1.6489126682281495}