{"x":36.207332611083987,"y":0.19008877873420716,"z":13.148222923278809}