{"x":32.98801803588867,"y":0.1900842785835266,"z":-12.027440071105957}