{"x":33.795047760009769,"y":0.19008606672286988,"z":-1.9150440692901612}