{"x":33.84653854370117,"y":0.19008705019950868,"z":3.4937639236450197}