{"x":26.953340530395509,"y":0.1900867223739624,"z":1.641766905784607}