{"x":33.115230560302737,"y":0.19008421897888184,"z":-12.360175132751465}