{"x":33.215511322021487,"y":0.1900867521762848,"z":1.8105889558792115}