{"x":29.588699340820314,"y":0.19008859992027284,"z":12.189163208007813}