{"x":33.0932731628418,"y":0.1900842785835266,"z":-11.991533279418946}