{"x":32.781707763671878,"y":0.1900862157344818,"z":-1.0461952686309815}