{"x":33.409507751464847,"y":0.1900871992111206,"z":4.393160343170166}