{"x":35.85742950439453,"y":0.1900843381881714,"z":-11.637199401855469}