{"x":29.83041763305664,"y":0.19008606672286988,"z":-1.92677903175354}