{"x":36.1543083190918,"y":0.19008585810661317,"z":-3.1949265003204347}