{"x":27.201322555541993,"y":0.19008666276931764,"z":1.3541898727416993}