{"x":30.4110050201416,"y":0.19008678197860719,"z":2.093715190887451}