{"x":33.119667053222659,"y":0.19008669257164002,"z":1.7766412496566773}