{"x":30.367536544799806,"y":0.190084308385849,"z":-11.798869132995606}