{"x":33.49860763549805,"y":0.19008415937423707,"z":-12.640074729919434}