{"x":32.905555725097659,"y":0.19008857011795045,"z":12.05895709991455}