{"x":30.705293655395509,"y":0.18746599555015565,"z":11.429187774658204}