{"x":31.071443557739259,"y":0.1900859773159027,"z":-2.4903452396392824}