{"x":30.427865982055665,"y":0.18746590614318849,"z":10.94035530090332}