{"x":26.916717529296876,"y":0.1900862455368042,"z":-0.9583594799041748}