{"x":33.483394622802737,"y":0.19008669257164002,"z":1.6590543985366822}