{"x":35.84564971923828,"y":0.19008618593215943,"z":-1.2088181972503663}