{"x":33.65972137451172,"y":0.1900871992111206,"z":4.315540790557861}