{"x":27.3593807220459,"y":0.19008862972259522,"z":12.339848518371582}