{"x":29.756582260131837,"y":0.18746596574783326,"z":11.334281921386719}