{"x":32.40911102294922,"y":0.18746399879455567,"z":0.2728571891784668}