{"x":27.180892944335939,"y":0.19008418917655946,"z":-12.488347053527832}