{"x":33.4729118347168,"y":0.19008418917655946,"z":-12.515429496765137}