{"x":35.84360122680664,"y":0.1900842785835266,"z":-11.99325180053711}