{"x":30.470312118530275,"y":0.19008424878120423,"z":-12.163871765136719}