{"x":26.508512496948243,"y":0.19008660316467286,"z":1.0957565307617188}