{"x":33.11561965942383,"y":0.19008415937423707,"z":-12.61426067352295}