{"x":36.63525390625,"y":0.19008412957191468,"z":-12.725312232971192}