{"x":33.69559860229492,"y":0.19008854031562806,"z":11.870867729187012}