{"x":27.017518997192384,"y":0.1900886595249176,"z":12.497492790222168}