{"x":27.3261775970459,"y":0.19008702039718629,"z":3.338643789291382}