{"x":30.992549896240236,"y":0.1900857388973236,"z":-3.935415029525757}