{"x":30.688364028930665,"y":0.19008854031562806,"z":11.829158782958985}