{"x":33.42331314086914,"y":0.19008412957191468,"z":-12.820691108703614}