{"x":36.881500244140628,"y":0.1900860071182251,"z":-2.341156244277954}