{"x":27.79226303100586,"y":0.19008588790893556,"z":-2.8755877017974855}