{"x":27.600479125976564,"y":0.19008609652519227,"z":-1.829906702041626}