{"x":30.64879608154297,"y":0.19008418917655946,"z":-12.40507698059082}