{"x":27.754291534423829,"y":0.18746209144592286,"z":-10.364409446716309}