{"x":31.252349853515626,"y":0.19008854031562806,"z":11.828726768493653}