{"x":31.13703155517578,"y":0.18746593594551087,"z":11.147127151489258}