{"x":28.5194149017334,"y":0.18746596574783326,"z":11.329618453979493}