{"x":27.382495880126954,"y":0.1900862157344818,"z":-1.1665480136871338}