{"x":33.849143981933597,"y":0.1900862455368042,"z":-0.8793866634368897}