{"x":29.956514358520509,"y":0.19008415937423707,"z":-12.540074348449707}