{"x":33.0327262878418,"y":0.19008609652519227,"z":-1.797255277633667}