{"x":27.777557373046876,"y":0.19008594751358033,"z":-2.6307528018951418}