{"x":33.170413970947269,"y":0.19008871912956239,"z":12.93896770477295}