{"x":27.184982299804689,"y":0.19008708000183106,"z":3.744870901107788}