{"x":27.33596420288086,"y":0.1900843381881714,"z":-11.573899269104004}