{"x":29.916187286376954,"y":0.19008857011795045,"z":12.095233917236329}