{"x":29.064743041992189,"y":0.18746325373649598,"z":-3.7973384857177736}