{"x":29.82532501220703,"y":0.19008612632751466,"z":-1.6762783527374268}