{"x":34.22776794433594,"y":0.19008713960647584,"z":3.979543685913086}