{"x":26.645036697387697,"y":0.1900857388973236,"z":-3.7362234592437746}