{"x":36.30816650390625,"y":0.1900867223739624,"z":1.6542497873306275}