{"x":28.440044403076173,"y":0.1900843381881714,"z":-11.544894218444825}