{"x":35.12535095214844,"y":0.190084308385849,"z":-11.768011093139649}