{"x":30.843454360961915,"y":0.18746399879455567,"z":0.33618736267089846}