{"x":28.255205154418947,"y":0.19008669257164002,"z":1.545878291130066}