{"x":32.80916213989258,"y":0.1900862455368042,"z":-0.92106032371521}