{"x":36.35602569580078,"y":0.19008690118789674,"z":2.707209587097168}