{"x":27.752641677856447,"y":0.19008585810661317,"z":-3.2746284008026125}