{"x":33.01044845581055,"y":0.19008412957191468,"z":-12.781929969787598}