{"x":36.427276611328128,"y":0.19008690118789674,"z":2.6941630840301515}