{"x":35.43479919433594,"y":0.19008713960647584,"z":4.032473087310791}