{"x":27.73798370361328,"y":0.19008862972259522,"z":12.343017578125}