{"x":27.0010986328125,"y":0.1874631941318512,"z":-4.324435234069824}