{"x":35.7964973449707,"y":0.19008859992027284,"z":12.238109588623047}