{"x":33.65503692626953,"y":0.1900871992111206,"z":4.4311017990112309}