{"x":31.03896713256836,"y":0.19008705019950868,"z":3.52799391746521}