{"x":36.498165130615237,"y":0.19008424878120423,"z":-12.032022476196289}