{"x":33.637489318847659,"y":0.19008585810661317,"z":-3.0402820110321047}