{"x":27.384449005126954,"y":0.19008603692054749,"z":-2.0515010356903078}