{"x":27.827844619750978,"y":0.1900860071182251,"z":-2.295016050338745}