{"x":36.729331970214847,"y":0.19008684158325196,"z":2.409404993057251}