{"x":30.273845672607423,"y":0.19008582830429078,"z":-3.2567989826202394}