{"x":27.461406707763673,"y":0.19008415937423707,"z":-12.690276145935059}