{"x":28.01992416381836,"y":0.1874658465385437,"z":10.680320739746094}