{"x":28.184093475341798,"y":0.190085768699646,"z":-3.595914125442505}