{"x":33.48406982421875,"y":0.19008415937423707,"z":-12.541253089904786}