{"x":36.90797805786133,"y":0.19008681178092957,"z":2.2417526245117189}