{"x":26.91316795349121,"y":0.1900867521762848,"z":1.8992894887924195}