{"x":32.83601760864258,"y":0.1900843381881714,"z":-11.591615676879883}