{"x":33.783531188964847,"y":0.19008871912956239,"z":12.828234672546387}