{"x":32.972381591796878,"y":0.19008901715278626,"z":14.513415336608887}