{"x":27.845993041992189,"y":0.19008669257164002,"z":1.5098187923431397}