{"x":33.55534744262695,"y":0.19008868932724,"z":12.766502380371094}