{"x":36.31887435913086,"y":0.19008436799049378,"z":-11.488089561462403}