{"x":28.255849838256837,"y":0.19008871912956239,"z":12.804773330688477}