{"x":27.368907928466798,"y":0.19008579850196839,"z":-3.5117480754852297}