{"x":33.486671447753909,"y":0.19008603692054749,"z":-2.069953203201294}