{"x":27.758455276489259,"y":0.19008409976959229,"z":-13.012528419494629}