{"x":30.23501968383789,"y":0.19008687138557435,"z":2.62808895111084}