{"x":26.733915328979493,"y":0.19008579850196839,"z":-3.509185552597046}