{"x":33.50508499145508,"y":0.19008880853652955,"z":13.325434684753418}