{"x":33.65688705444336,"y":0.19008594751358033,"z":-2.5444867610931398}