{"x":27.345413208007814,"y":0.19008851051330567,"z":11.693117141723633}