{"x":36.003170013427737,"y":0.1900862157344818,"z":-1.130005121231079}