{"x":27.448488235473634,"y":0.1900867521762848,"z":1.8694396018981934}