{"x":36.13761901855469,"y":0.1900862157344818,"z":-1.0754821300506592}