{"x":27.538740158081056,"y":0.19008585810661317,"z":-3.237894296646118}