{"x":33.23468780517578,"y":0.1900867521762848,"z":1.822984218597412}