{"x":27.319438934326173,"y":0.19008612632751466,"z":-1.583519697189331}