{"x":27.583908081054689,"y":0.19008857011795045,"z":12.028830528259278}