{"x":35.999610900878909,"y":0.19008663296699525,"z":1.1398773193359376}