{"x":27.8032283782959,"y":0.19008678197860719,"z":2.129701852798462}