{"x":27.630325317382814,"y":0.1900843381881714,"z":-11.658269882202149}