{"x":33.08038330078125,"y":0.1900842785835266,"z":-11.892959594726563}