{"x":30.290597915649415,"y":0.19008684158325196,"z":2.461235523223877}