{"x":35.31998062133789,"y":0.190084308385849,"z":-11.721514701843262}