{"x":35.66463088989258,"y":0.190084308385849,"z":-11.844433784484864}