{"x":27.114471435546876,"y":0.19008588790893556,"z":-2.991299867630005}