{"x":33.547454833984378,"y":0.19008615612983704,"z":-1.4873058795928956}