{"x":36.02985382080078,"y":0.19008690118789674,"z":2.6913084983825685}