{"x":36.83140182495117,"y":0.1900869905948639,"z":3.2591569423675539}