{"x":35.979042053222659,"y":0.19008669257164002,"z":1.480043649673462}