{"x":33.61749267578125,"y":0.19008579850196839,"z":-3.560816526412964}