{"x":27.140459060668947,"y":0.19008857011795045,"z":12.0604829788208}