{"x":26.997539520263673,"y":0.1900857388973236,"z":-3.787163019180298}