{"x":27.03141212463379,"y":0.1900862157344818,"z":-1.1201074123382569}