{"x":33.58134078979492,"y":0.19008871912956239,"z":12.879206657409668}