{"x":30.74531364440918,"y":0.19008409976959229,"z":-12.866711616516114}