{"x":35.44502258300781,"y":0.19008880853652955,"z":13.372479438781739}