{"x":33.700584411621097,"y":0.1900842785835266,"z":-11.983588218688965}