{"x":36.79575729370117,"y":0.19008877873420716,"z":13.236259460449219}