{"x":29.856733322143556,"y":0.19008713960647584,"z":4.065574645996094}