{"x":34.15523910522461,"y":0.19008728861808778,"z":4.832493305206299}