{"x":30.117712020874025,"y":0.1900886595249176,"z":12.518097877502442}