{"x":33.692413330078128,"y":0.1900867521762848,"z":1.9250887632369996}