{"x":27.6568546295166,"y":0.19008854031562806,"z":11.92066764831543}