{"x":33.24886703491211,"y":0.1900869607925415,"z":3.006019115447998}