{"x":37.01564407348633,"y":0.19008690118789674,"z":2.732804775238037}