{"x":35.468910217285159,"y":0.19008687138557435,"z":2.588322162628174}