{"x":33.683067321777347,"y":0.1900862455368042,"z":-0.9747836589813232}