{"x":30.270263671875,"y":0.1900886595249176,"z":12.572864532470704}