{"x":30.902690887451173,"y":0.19008418917655946,"z":-12.4659423828125}