{"x":30.981473922729493,"y":0.190087229013443,"z":4.5868449211120609}