{"x":34.98799514770508,"y":0.18746605515480042,"z":11.76734733581543}