{"x":30.71048355102539,"y":0.19008412957191468,"z":-12.703680992126465}