{"x":34.17387008666992,"y":0.19008594751358033,"z":-2.6061789989471437}