{"x":36.38449478149414,"y":0.19008436799049378,"z":-11.481404304504395}