{"x":32.72594451904297,"y":0.18746203184127809,"z":-10.637158393859864}