{"x":30.55572509765625,"y":0.19008859992027284,"z":12.233406066894532}