{"x":27.236154556274415,"y":0.1900862157344818,"z":-1.0648524761199952}