{"x":26.747135162353517,"y":0.19008582830429078,"z":-3.234910726547241}