{"x":30.448528289794923,"y":0.19008857011795045,"z":12.053854942321778}