{"x":30.138463973999025,"y":0.19008678197860719,"z":2.053131103515625}