{"x":36.027488708496097,"y":0.19008612632751466,"z":-1.6644532680511475}