{"x":27.12195587158203,"y":0.19008588790893556,"z":-3.012693166732788}