{"x":33.084468841552737,"y":0.19008857011795045,"z":12.051705360412598}