{"x":34.145755767822269,"y":0.19008439779281617,"z":-11.222448348999024}