{"x":28.230754852294923,"y":0.19008424878120423,"z":-12.05903148651123}