{"x":33.23494338989258,"y":0.19008591771125794,"z":-2.846086263656616}