{"x":32.93619155883789,"y":0.1900862753391266,"z":-0.8264210224151611}