{"x":35.71984100341797,"y":0.19008851051330567,"z":11.558947563171387}