{"x":30.383787155151368,"y":0.19008883833885194,"z":13.534562110900879}