{"x":35.649478912353519,"y":0.1874658763408661,"z":10.720474243164063}