{"x":30.585105895996095,"y":0.19008401036262513,"z":-13.436890602111817}