{"x":27.610933303833009,"y":0.1900860071182251,"z":-2.2170279026031496}