{"x":27.441267013549806,"y":0.19008681178092957,"z":2.290058135986328}