{"x":30.41779136657715,"y":0.19008684158325196,"z":2.385509490966797}