{"x":36.667640686035159,"y":0.190084308385849,"z":-11.808588027954102}