{"x":33.150325775146487,"y":0.19008854031562806,"z":12.074773788452149}