{"x":29.912384033203126,"y":0.1900886595249176,"z":12.39509391784668}