{"x":28.26121711730957,"y":0.19008687138557435,"z":2.5585455894470217}