{"x":33.1732292175293,"y":0.19008389115333558,"z":-14.178460121154786}