{"x":32.67116928100586,"y":0.19008716940879823,"z":4.215641498565674}