{"x":33.57862854003906,"y":0.19008877873420716,"z":13.206899642944336}