{"x":33.45750045776367,"y":0.19008669257164002,"z":1.492816686630249}