{"x":30.363323211669923,"y":0.19008588790893556,"z":-2.9393365383148195}