{"x":30.09087371826172,"y":0.19008424878120423,"z":-12.116434097290039}