{"x":33.44159698486328,"y":0.19008871912956239,"z":12.913043022155762}