{"x":30.219287872314454,"y":0.19008684158325196,"z":2.454319477081299}