{"x":27.344911575317384,"y":0.19008421897888184,"z":-12.273982048034668}