{"x":26.49004554748535,"y":0.1900859773159027,"z":-2.481879949569702}