{"x":27.255796432495118,"y":0.19008412957191468,"z":-12.707192420959473}