{"x":26.885986328125,"y":0.19008588790893556,"z":-3.0084927082061769}