{"x":33.00893783569336,"y":0.19008386135101319,"z":-14.28664493560791}