{"x":27.885272979736329,"y":0.18746310472488404,"z":-4.733564376831055}