{"x":33.88167953491211,"y":0.19008684158325196,"z":2.3879969120025636}