{"x":33.55612564086914,"y":0.19008687138557435,"z":2.552194595336914}