{"x":29.818206787109376,"y":0.19008713960647584,"z":4.08869743347168}