{"x":36.00168991088867,"y":0.190085768699646,"z":-3.5483415126800539}