{"x":30.222843170166017,"y":0.19008412957191468,"z":-12.700884819030762}