{"x":29.695316314697267,"y":0.19008630514144898,"z":-0.6099050045013428}