{"x":35.39738082885742,"y":0.19008424878120423,"z":-12.198678970336914}