{"x":33.13990020751953,"y":0.1900859773159027,"z":-2.48349928855896}