{"x":35.99238204956055,"y":0.19008421897888184,"z":-12.3100004196167}