{"x":33.22263717651367,"y":0.1900871992111206,"z":4.388840198516846}