{"x":35.780452728271487,"y":0.19008439779281617,"z":-11.293998718261719}