{"x":28.22783660888672,"y":0.19008582830429078,"z":-3.347801446914673}