{"x":32.828189849853519,"y":0.19008424878120423,"z":-12.194263458251954}