{"x":36.88583755493164,"y":0.19008636474609376,"z":-0.2245659977197647}