{"x":27.87152671813965,"y":0.19008582830429078,"z":-3.199800729751587}