{"x":36.593841552734378,"y":0.19008442759513856,"z":-11.116068840026856}