{"x":36.969749450683597,"y":0.19008418917655946,"z":-12.504899024963379}