{"x":33.01863098144531,"y":0.19008710980415345,"z":3.936208486557007}