{"x":36.68720245361328,"y":0.19008415937423707,"z":-12.655745506286621}