{"x":32.883052825927737,"y":0.19008848071098329,"z":11.56531047821045}