{"x":27.533254623413087,"y":0.1900886595249176,"z":12.534440040588379}