{"x":33.58295822143555,"y":0.19008877873420716,"z":13.19076156616211}