{"x":32.62141036987305,"y":0.19008618593215943,"z":-1.3031446933746338}