{"x":33.10972595214844,"y":0.19008874893188477,"z":13.083477973937989}