{"x":30.405967712402345,"y":0.19008883833885194,"z":13.495950698852539}