{"x":27.44588279724121,"y":0.1900869607925415,"z":3.0630300045013429}