{"x":30.03537368774414,"y":0.1900867521762848,"z":1.931944727897644}