{"x":27.577102661132814,"y":0.19008666276931764,"z":1.4991769790649415}