{"x":30.81131362915039,"y":0.19008418917655946,"z":-12.525076866149903}