{"x":36.5767936706543,"y":0.1874658763408661,"z":10.90582275390625}