{"x":32.94145202636719,"y":0.1874658167362213,"z":10.574201583862305}