{"x":30.07707977294922,"y":0.1900857388973236,"z":-3.6020596027374269}