{"x":35.971702575683597,"y":0.19008582830429078,"z":-3.3612515926361086}