{"x":33.20399856567383,"y":0.19008582830429078,"z":-3.301762819290161}