{"x":33.25979995727539,"y":0.1900886595249176,"z":12.628793716430664}