{"x":33.02717971801758,"y":0.19008862972259522,"z":12.405519485473633}