{"x":30.58205795288086,"y":0.19008857011795045,"z":12.245085716247559}