{"x":33.59788513183594,"y":0.1874658763408661,"z":10.902143478393555}