{"x":35.827354431152347,"y":0.19008633494377137,"z":-0.37687230110168459}