{"x":28.16703224182129,"y":0.19008591771125794,"z":-2.85839581489563}