{"x":36.59203338623047,"y":0.19008663296699525,"z":1.2362802028656006}