{"x":27.547822952270509,"y":0.19008862972259522,"z":12.362873077392579}