{"x":27.55135154724121,"y":0.1900886595249176,"z":12.601691246032715}