{"x":33.49568176269531,"y":0.190085768699646,"z":-3.759044885635376}