{"x":28.103389739990236,"y":0.19008666276931764,"z":1.4218580722808838}