{"x":35.47117233276367,"y":0.18746572732925416,"z":10.024272918701172}