{"x":30.350191116333009,"y":0.19008594751358033,"z":-2.66051983833313}