{"x":30.64332389831543,"y":0.18746575713157655,"z":10.108139991760254}