{"x":30.299819946289064,"y":0.1900867521762848,"z":1.9678934812545777}