{"x":30.224634170532228,"y":0.1900886595249176,"z":12.567825317382813}