{"x":30.282747268676759,"y":0.19008854031562806,"z":11.881791114807129}