{"x":35.37413024902344,"y":0.1900871992111206,"z":4.4643073081970219}