{"x":33.18976974487305,"y":0.19008421897888184,"z":-12.34207820892334}