{"x":35.97473907470703,"y":0.19008439779281617,"z":-11.322153091430664}