{"x":27.20405387878418,"y":0.1900889277458191,"z":14.0767822265625}