{"x":30.290956497192384,"y":0.19008851051330567,"z":11.68663501739502}