{"x":27.753162384033204,"y":0.19008612632751466,"z":-1.6330506801605225}