{"x":33.94358825683594,"y":0.18746596574783326,"z":11.265100479125977}