{"x":33.28383255004883,"y":0.19008678197860719,"z":1.985549807548523}