{"x":35.948360443115237,"y":0.19008389115333558,"z":-14.164891242980957}