{"x":32.90043258666992,"y":0.19008436799049378,"z":-11.505288124084473}