{"x":30.648656845092775,"y":0.1900862157344818,"z":-1.1978061199188233}