{"x":26.689067840576173,"y":0.19008728861808778,"z":4.81912899017334}