{"x":33.063724517822269,"y":0.190084308385849,"z":-11.80943775177002}