{"x":27.268980026245118,"y":0.1900869607925415,"z":3.010432481765747}