{"x":29.867237091064454,"y":0.19008606672286988,"z":-1.969728708267212}