{"x":36.607635498046878,"y":0.19008439779281617,"z":-11.341123580932618}