{"x":33.04220962524414,"y":0.1900842785835266,"z":-12.00151252746582}