{"x":33.15168380737305,"y":0.19008615612983704,"z":-1.4164974689483643}