{"x":27.351253509521486,"y":0.19008871912956239,"z":12.934040069580079}