{"x":36.09906005859375,"y":0.1900860071182251,"z":-2.2188222408294679}