{"x":33.03961181640625,"y":0.19008716940879823,"z":4.269762992858887}