{"x":34.549598693847659,"y":0.1900886595249176,"z":12.491490364074707}