{"x":30.64834213256836,"y":0.19008705019950868,"z":3.552703380584717}