{"x":29.456649780273439,"y":0.19008708000183106,"z":3.607908248901367}