{"x":27.455698013305665,"y":0.19008669257164002,"z":1.481459617614746}