{"x":32.640377044677737,"y":0.19008705019950868,"z":3.618446111679077}