{"x":27.733020782470704,"y":0.19008412957191468,"z":-12.72907543182373}