{"x":36.426971435546878,"y":0.1874619722366333,"z":-10.995327949523926}