{"x":35.79075241088867,"y":0.19008687138557435,"z":2.4981577396392824}