{"x":33.343528747558597,"y":0.19008618593215943,"z":-1.3252556324005128}