{"x":31.49428939819336,"y":0.19008630514144898,"z":-0.6737692356109619}