{"x":33.566017150878909,"y":0.19008871912956239,"z":12.912752151489258}