{"x":36.67076873779297,"y":0.19008684158325196,"z":2.3634023666381838}