{"x":30.262651443481447,"y":0.19008848071098329,"z":11.607605934143067}