{"x":36.45112609863281,"y":0.19008415937423707,"z":-12.578001976013184}