{"x":30.384836196899415,"y":0.1900862157344818,"z":-1.119218111038208}