{"x":36.12122344970703,"y":0.1900842785835266,"z":-12.001505851745606}