{"x":28.122276306152345,"y":0.19008582830429078,"z":-3.2728159427642824}