{"x":36.03647994995117,"y":0.1874619722366333,"z":-10.934348106384278}