{"x":35.45965576171875,"y":0.19008421897888184,"z":-12.352009773254395}