{"x":35.85820388793945,"y":0.19008594751358033,"z":-2.6696527004241945}