{"x":28.045759201049806,"y":0.19008713960647584,"z":3.9914305210113527}