{"x":30.777446746826173,"y":0.19008588790893556,"z":-3.0306050777435304}