{"x":30.56001091003418,"y":0.19008436799049378,"z":-11.52470588684082}