{"x":32.51738739013672,"y":0.19008708000183106,"z":3.7714710235595705}