{"x":28.25798797607422,"y":0.19008857011795045,"z":12.027482032775879}