{"x":30.938966751098634,"y":0.19008660316467286,"z":1.2846810817718506}