{"x":27.551828384399415,"y":0.19008415937423707,"z":-12.5426607131958}