{"x":32.79098129272461,"y":0.19008854031562806,"z":12.112286567687989}