{"x":36.196041107177737,"y":0.19008663296699525,"z":1.3474328517913819}