{"x":33.093082427978519,"y":0.19008612632751466,"z":-1.5911967754364014}