{"x":33.61058044433594,"y":0.19008424878120423,"z":-12.18891429901123}