{"x":30.21126937866211,"y":0.19008678197860719,"z":2.039417266845703}