{"x":35.9466552734375,"y":0.19008421897888184,"z":-12.229607582092286}