{"x":27.721126556396486,"y":0.18746405839920045,"z":0.7281942367553711}