{"x":33.76276779174805,"y":0.19008439779281617,"z":-11.324902534484864}