{"x":36.77946090698242,"y":0.1900886595249176,"z":12.50241756439209}