{"x":33.89796447753906,"y":0.1900867223739624,"z":1.8000279664993287}