{"x":33.39882278442383,"y":0.19008594751358033,"z":-2.676954507827759}