{"x":31.119524002075197,"y":0.19008436799049378,"z":-11.340391159057618}