{"x":30.050859451293947,"y":0.19008708000183106,"z":3.7087595462799074}