{"x":27.860841751098634,"y":0.19008579850196839,"z":-3.3793842792510988}