{"x":30.07452392578125,"y":0.19008594751358033,"z":-2.624842882156372}