{"x":27.912931442260743,"y":0.1900843381881714,"z":-11.644043922424317}