{"x":33.57430648803711,"y":0.19008594751358033,"z":-2.5708301067352297}