{"x":31.36646270751953,"y":0.18746313452720643,"z":-4.479704856872559}