{"x":27.57946014404297,"y":0.1900842785835266,"z":-12.010937690734864}