{"x":29.83475112915039,"y":0.19008424878120423,"z":-12.04916763305664}