{"x":34.014190673828128,"y":0.19008594751358033,"z":-2.6245839595794679}