{"x":27.3759822845459,"y":0.19008710980415345,"z":3.9069738388061525}