{"x":27.655662536621095,"y":0.19008609652519227,"z":-1.810983419418335}