{"x":30.095821380615236,"y":0.19008705019950868,"z":3.671170473098755}