{"x":36.39690017700195,"y":0.19008594751358033,"z":-2.6920559406280519}