{"x":35.884212493896487,"y":0.1900842785835266,"z":-12.027283668518067}