{"x":30.070524215698243,"y":0.1874658465385437,"z":10.743047714233399}