{"x":35.775596618652347,"y":0.19008669257164002,"z":1.5584768056869507}