{"x":31.563119888305665,"y":0.1900862157344818,"z":-1.052422285079956}