{"x":36.544227600097659,"y":0.19008857011795045,"z":12.053415298461914}