{"x":33.516571044921878,"y":0.19008857011795045,"z":12.057350158691407}