{"x":27.89431381225586,"y":0.19008421897888184,"z":-12.322894096374512}