{"x":27.801467895507814,"y":0.19008582830429078,"z":-3.1602447032928469}