{"x":30.74888801574707,"y":0.1900842785835266,"z":-11.964446067810059}