{"x":35.36836624145508,"y":0.190084308385849,"z":-11.848299026489258}