{"x":36.36397171020508,"y":0.19008851051330567,"z":11.666194915771485}