{"x":29.867904663085939,"y":0.19008594751358033,"z":-2.540224313735962}