{"x":30.64455223083496,"y":0.19008684158325196,"z":2.4384512901306154}