{"x":30.266008377075197,"y":0.1900842785835266,"z":-12.011062622070313}