{"x":33.69569778442383,"y":0.19008606672286988,"z":-2.0035412311553957}