{"x":30.78313446044922,"y":0.19008639454841615,"z":-0.07762457430362702}