{"x":36.646602630615237,"y":0.1900886595249176,"z":12.582130432128907}