{"x":27.660022735595704,"y":0.18746209144592286,"z":-10.394814491271973}