{"x":32.93511199951172,"y":0.19008439779281617,"z":-11.304088592529297}