{"x":35.94137191772461,"y":0.19008389115333558,"z":-14.059224128723145}