{"x":36.284603118896487,"y":0.19008868932724,"z":12.664435386657715}