{"x":27.055709838867189,"y":0.18746504187583924,"z":6.024736404418945}