{"x":27.544422149658204,"y":0.19008630514144898,"z":-0.6284101009368897}