{"x":30.435644149780275,"y":0.1900840699672699,"z":-13.072545051574707}