{"x":35.534969329833987,"y":0.1900842785835266,"z":-12.000320434570313}