{"x":30.651460647583009,"y":0.19008612632751466,"z":-1.602844476699829}