{"x":35.8973388671875,"y":0.19008579850196839,"z":-3.387356996536255}