{"x":33.06624984741211,"y":0.19008710980415345,"z":3.8371291160583498}