{"x":27.649614334106447,"y":0.1900867223739624,"z":1.7493035793304444}