{"x":35.86119842529297,"y":0.19008874893188477,"z":13.111961364746094}