{"x":33.32505416870117,"y":0.1900886595249176,"z":12.589985847473145}