{"x":27.557214736938478,"y":0.19008690118789674,"z":2.683086633682251}