{"x":35.82225799560547,"y":0.19008436799049378,"z":-11.405115127563477}