{"x":30.010526657104493,"y":0.19008412957191468,"z":-12.714217185974121}