{"x":33.862571716308597,"y":0.19008874893188477,"z":13.083998680114746}