{"x":30.736936569213868,"y":0.1900843381881714,"z":-11.68049144744873}