{"x":30.3809814453125,"y":0.1900857388973236,"z":-3.802319288253784}