{"x":29.91541290283203,"y":0.19008436799049378,"z":-11.521745681762696}