{"x":30.62004280090332,"y":0.19008415937423707,"z":-12.6200532913208}