{"x":26.863859176635743,"y":0.19008633494377137,"z":-0.37459516525268557}