{"x":36.354305267333987,"y":0.1900862157344818,"z":-1.0571177005767823}