{"x":27.68915367126465,"y":0.19008579850196839,"z":-3.4762814044952394}