{"x":26.857580184936525,"y":0.19008618593215943,"z":-1.275264024734497}