{"x":36.7142333984375,"y":0.19008848071098329,"z":11.5889892578125}