{"x":28.384408950805665,"y":0.1874631941318512,"z":-4.185360908508301}