{"x":27.562320709228517,"y":0.19008591771125794,"z":-2.7838857173919679}