{"x":32.42292404174805,"y":0.19008678197860719,"z":2.112779140472412}