{"x":36.08393478393555,"y":0.19008585810661317,"z":-3.1366283893585207}