{"x":30.90891456604004,"y":0.19008609652519227,"z":-1.7682511806488038}