{"x":30.38945770263672,"y":0.19008862972259522,"z":12.397392272949219}