{"x":33.66074752807617,"y":0.19008862972259522,"z":12.31240177154541}