{"x":33.871822357177737,"y":0.1900871992111206,"z":4.438314437866211}