{"x":30.889493942260743,"y":0.19008418917655946,"z":-12.40198040008545}