{"x":33.193565368652347,"y":0.19008854031562806,"z":11.920306205749512}