{"x":28.28661346435547,"y":0.18746578693389893,"z":10.35036563873291}