{"x":28.18471336364746,"y":0.19008603692054749,"z":-2.1634747982025148}