{"x":30.559457778930665,"y":0.19008705019950868,"z":3.508373260498047}