{"x":27.38990020751953,"y":0.19008606672286988,"z":-1.8784244060516358}