{"x":37.100284576416019,"y":0.1900867521762848,"z":1.8643556833267213}