{"x":33.5543327331543,"y":0.19008877873420716,"z":13.295254707336426}