{"x":33.72355270385742,"y":0.1874658763408661,"z":10.695430755615235}