{"x":36.3316764831543,"y":0.19008415937423707,"z":-12.672432899475098}