{"x":27.841920852661134,"y":0.1900842785835266,"z":-11.899444580078125}