{"x":30.758419036865236,"y":0.1900843381881714,"z":-11.6195068359375}