{"x":33.18275451660156,"y":0.19008418917655946,"z":-12.525324821472168}