{"x":27.52665138244629,"y":0.19008412957191468,"z":-12.714308738708496}