{"x":27.827634811401368,"y":0.19008862972259522,"z":12.371739387512207}