{"x":32.7540283203125,"y":0.19008609652519227,"z":-1.734398603439331}