{"x":30.94654655456543,"y":0.18746405839920045,"z":0.6178245544433594}