{"x":33.63569259643555,"y":0.19008678197860719,"z":2.0450448989868166}