{"x":30.152956008911134,"y":0.1900840699672699,"z":-13.155383110046387}