{"x":30.878496170043947,"y":0.19008579850196839,"z":-3.4594099521636965}