{"x":33.83223342895508,"y":0.1900886595249176,"z":12.607498168945313}