{"x":34.20790481567383,"y":0.19008591771125794,"z":-2.7837560176849367}