{"x":27.90369415283203,"y":0.19008567929267884,"z":-3.95184063911438}