{"x":30.62716293334961,"y":0.19008713960647584,"z":4.09383487701416}