{"x":37.012027740478519,"y":0.190084308385849,"z":-11.858695983886719}