{"x":28.14181137084961,"y":0.1900871992111206,"z":4.368479251861572}