{"x":30.221162796020509,"y":0.19008409976959229,"z":-12.91352367401123}