{"x":30.31051254272461,"y":0.19008693099021913,"z":2.8638339042663576}