{"x":27.287769317626954,"y":0.19008579850196839,"z":-3.270472764968872}