{"x":36.70096206665039,"y":0.1874620020389557,"z":-10.856549263000489}