{"x":37.413455963134769,"y":0.1900867223739624,"z":1.7617065906524659}