{"x":27.03424835205078,"y":0.19008713960647584,"z":4.131150245666504}