{"x":33.26930618286133,"y":0.19008874893188477,"z":12.99772834777832}