{"x":30.657169342041017,"y":0.19008415937423707,"z":-12.56225299835205}