{"x":33.027870178222659,"y":0.19008415937423707,"z":-12.53905200958252}