{"x":33.901580810546878,"y":0.19008859992027284,"z":12.284939765930176}