{"x":30.78400230407715,"y":0.1874620020389557,"z":-10.904585838317871}