{"x":31.212553024291993,"y":0.19008582830429078,"z":-3.3455302715301515}