{"x":33.13963317871094,"y":0.19008857011795045,"z":12.079448699951172}