{"x":36.44233322143555,"y":0.1900859773159027,"z":-2.4759747982025148}