{"x":33.412498474121097,"y":0.19008603692054749,"z":-2.0931217670440676}