{"x":33.6734733581543,"y":0.19008418917655946,"z":-12.374101638793946}