{"x":36.75831604003906,"y":0.19008436799049378,"z":-11.375163078308106}