{"x":35.79170227050781,"y":0.1900857388973236,"z":-3.847046136856079}