{"x":32.97754669189453,"y":0.19008570909500123,"z":-3.9933383464813234}