{"x":30.803983688354493,"y":0.1900842785835266,"z":-11.96292781829834}