{"x":29.978858947753908,"y":0.1900843381881714,"z":-11.67447566986084}