{"x":36.085113525390628,"y":0.19008418917655946,"z":-12.390825271606446}