{"x":33.86148452758789,"y":0.19008868932724,"z":12.736322402954102}