{"x":27.43511390686035,"y":0.1900886595249176,"z":12.714790344238282}