{"x":27.50928497314453,"y":0.19008669257164002,"z":1.4711582660675049}