{"x":30.21669578552246,"y":0.19008612632751466,"z":-1.6687119007110596}