{"x":33.73274230957031,"y":0.1900869607925415,"z":3.015275716781616}