{"x":33.27420425415039,"y":0.19008401036262513,"z":-13.513447761535645}