{"x":27.338180541992189,"y":0.1900867223739624,"z":1.7887290716171265}