{"x":30.613544464111329,"y":0.18746572732925416,"z":10.014581680297852}