{"x":33.05842590332031,"y":0.19008851051330567,"z":11.705423355102539}