{"x":30.5098819732666,"y":0.18746593594551087,"z":11.197233200073243}