{"x":27.576013565063478,"y":0.19008854031562806,"z":11.843551635742188}