{"x":33.46818923950195,"y":0.19008424878120423,"z":-12.169625282287598}