{"x":28.12987518310547,"y":0.19008591771125794,"z":-2.7053773403167726}