{"x":27.801645278930665,"y":0.1900886595249176,"z":12.548994064331055}