{"x":33.07160949707031,"y":0.1900886595249176,"z":12.510834693908692}