{"x":27.303810119628908,"y":0.19008708000183106,"z":3.7836520671844484}