{"x":35.65257263183594,"y":0.1874658167362213,"z":10.557866096496582}