{"x":27.768096923828126,"y":0.190085768699646,"z":-3.6633079051971437}