{"x":30.870004653930665,"y":0.19008409976959229,"z":-12.883389472961426}