{"x":33.53668212890625,"y":0.19008871912956239,"z":12.850125312805176}