{"x":30.63823890686035,"y":0.18746599555015565,"z":11.359561920166016}