{"x":33.076576232910159,"y":0.19008424878120423,"z":-12.106410026550293}