{"x":27.636991500854493,"y":0.18746599555015565,"z":11.564648628234864}