{"x":36.15816116333008,"y":0.190084308385849,"z":-11.758795738220215}