{"x":29.16490936279297,"y":0.18746203184127809,"z":-10.710051536560059}