{"x":33.38539123535156,"y":0.19008418917655946,"z":-12.4920015335083}