{"x":31.579179763793947,"y":0.19008421897888184,"z":-12.302693367004395}