{"x":30.4523868560791,"y":0.19008708000183106,"z":3.7959353923797609}