{"x":33.596656799316409,"y":0.19008868932724,"z":12.702404022216797}