{"x":28.20732879638672,"y":0.18746402859687806,"z":0.5634450912475586}