{"x":36.92943572998047,"y":0.19008415937423707,"z":-12.625205039978028}