{"x":30.74620819091797,"y":0.1900867223739624,"z":1.7126574516296387}