{"x":30.573976516723634,"y":0.19008424878120423,"z":-12.054546356201172}