{"x":27.222352981567384,"y":0.19008883833885194,"z":13.565872192382813}