{"x":33.69427490234375,"y":0.19008862972259522,"z":12.304733276367188}