{"x":36.357276916503909,"y":0.19008687138557435,"z":2.589034080505371}