{"x":35.108619689941409,"y":0.1900857388973236,"z":-3.5403740406036379}