{"x":30.044099807739259,"y":0.19008421897888184,"z":-12.11314868927002}