{"x":34.38973617553711,"y":0.1900842785835266,"z":-11.984525680541993}