{"x":36.765464782714847,"y":0.1874631941318512,"z":-4.178089141845703}