{"x":30.114221572875978,"y":0.19008594751358033,"z":-2.554502248764038}