{"x":30.668197631835939,"y":0.19008857011795045,"z":11.989191055297852}