{"x":33.51687240600586,"y":0.1900842785835266,"z":-11.892239570617676}