{"x":33.25408172607422,"y":0.1900843381881714,"z":-11.569539070129395}