{"x":27.67345428466797,"y":0.19008871912956239,"z":12.885547637939454}