{"x":30.407398223876954,"y":0.1874631941318512,"z":-4.189937591552734}