{"x":30.28021240234375,"y":0.1900867223739624,"z":1.6582574844360352}