{"x":31.60630226135254,"y":0.1874619722366333,"z":-11.000927925109864}