{"x":33.79082107543945,"y":0.19008716940879823,"z":4.14971923828125}