{"x":33.359622955322269,"y":0.18746310472488404,"z":-4.609560966491699}