{"x":32.83177947998047,"y":0.19008678197860719,"z":2.108981132507324}