{"x":28.45613670349121,"y":0.190084308385849,"z":-11.742225646972657}