{"x":30.66389274597168,"y":0.19008412957191468,"z":-12.710284233093262}