{"x":33.91065216064453,"y":0.1900888979434967,"z":13.943092346191407}