{"x":33.49254608154297,"y":0.19008886814117433,"z":13.632746696472168}