{"x":29.68080711364746,"y":0.190085768699646,"z":-3.557420492172241}