{"x":30.213804244995118,"y":0.19008582830429078,"z":-3.2019193172454836}