{"x":36.29844665527344,"y":0.19008603692054749,"z":-2.151211977005005}