{"x":35.74340057373047,"y":0.19008603692054749,"z":-2.063337564468384}