{"x":28.65336799621582,"y":0.190084308385849,"z":-11.711094856262207}