{"x":30.915565490722658,"y":0.19008708000183106,"z":3.6386146545410158}