{"x":36.74840545654297,"y":0.19008424878120423,"z":-12.077089309692383}