{"x":30.651151657104493,"y":0.1900862753391266,"z":-0.6979935169219971}