{"x":35.845947265625,"y":0.19008859992027284,"z":12.183670043945313}