{"x":30.6129150390625,"y":0.19008859992027284,"z":12.297270774841309}