{"x":36.16957473754883,"y":0.19008412957191468,"z":-12.714287757873536}