{"x":27.692184448242189,"y":0.19008857011795045,"z":12.057331085205079}