{"x":33.105316162109378,"y":0.19008713960647584,"z":3.9892773628234865}