{"x":33.75794982910156,"y":0.19008713960647584,"z":3.9817488193511965}