{"x":29.025707244873048,"y":0.18746328353881837,"z":-3.613101005554199}