{"x":33.58450698852539,"y":0.19008606672286988,"z":-2.0068209171295168}