{"x":36.27416229248047,"y":0.19008606672286988,"z":-1.8729784488677979}