{"x":27.205150604248048,"y":0.19008713960647584,"z":4.108019828796387}