{"x":30.559236526489259,"y":0.19008415937423707,"z":-12.613690376281739}