{"x":29.996049880981447,"y":0.19008412957191468,"z":-12.84067440032959}