{"x":30.099138259887697,"y":0.19008615612983704,"z":-1.4556100368499756}