{"x":36.9969482421875,"y":0.190084308385849,"z":-11.81098747253418}