{"x":33.202701568603519,"y":0.19008710980415345,"z":3.918978691101074}