{"x":33.92772674560547,"y":0.19008710980415345,"z":3.8784472942352297}