{"x":35.976226806640628,"y":0.190084308385849,"z":-11.84708023071289}