{"x":33.51582336425781,"y":0.19008862972259522,"z":12.319214820861817}