{"x":33.98713302612305,"y":0.19008442759513856,"z":-11.16170883178711}