{"x":33.57710647583008,"y":0.19008591771125794,"z":-2.857919454574585}