{"x":33.14234924316406,"y":0.19008710980415345,"z":3.941774845123291}