{"x":27.709823608398439,"y":0.19008868932724,"z":12.64246654510498}