{"x":36.369476318359378,"y":0.19008710980415345,"z":3.847038984298706}