{"x":29.693115234375,"y":0.19008705019950868,"z":3.6233127117156984}