{"x":27.15040397644043,"y":0.19008710980415345,"z":3.956984281539917}