{"x":30.602985382080079,"y":0.19008669257164002,"z":1.5955795049667359}