{"x":27.905298233032228,"y":0.19008859992027284,"z":12.2852783203125}