{"x":27.55282974243164,"y":0.19008424878120423,"z":-12.180936813354493}