{"x":30.436925888061525,"y":0.19008412957191468,"z":-12.797272682189942}