{"x":28.183326721191408,"y":0.19008857011795045,"z":12.036904335021973}