{"x":30.62561798095703,"y":0.19008713960647584,"z":3.998441219329834}