{"x":30.342853546142579,"y":0.19008854031562806,"z":11.849455833435059}