{"x":33.22032928466797,"y":0.19008588790893556,"z":-2.913010835647583}