{"x":34.29470443725586,"y":0.19008868932724,"z":12.665528297424317}