{"x":32.526817321777347,"y":0.19008588790893556,"z":-2.982647180557251}