{"x":27.230857849121095,"y":0.19008687138557435,"z":2.6241490840911867}