{"x":27.14574432373047,"y":0.18746596574783326,"z":11.326663970947266}