{"x":30.398469924926759,"y":0.19008857011795045,"z":12.045387268066407}