{"x":33.01926040649414,"y":0.1900886595249176,"z":12.53787899017334}