{"x":27.67315673828125,"y":0.19008874893188477,"z":13.083345413208008}