{"x":35.80690002441406,"y":0.1874631643295288,"z":-4.39045524597168}