{"x":27.528425216674806,"y":0.19008678197860719,"z":2.1104283332824709}