{"x":33.3217658996582,"y":0.1900840699672699,"z":-13.055180549621582}