{"x":33.612510681152347,"y":0.19008857011795045,"z":12.127594947814942}