{"x":28.275938034057618,"y":0.18746322393417359,"z":-4.054165840148926}