{"x":27.014698028564454,"y":0.19008588790893556,"z":-2.9866397380828859}