{"x":36.52873229980469,"y":0.19008588790893556,"z":-2.7072913646698}