{"x":30.613710403442384,"y":0.19008588790893556,"z":-3.0156238079071047}