{"x":28.11087989807129,"y":0.1900842785835266,"z":-11.925028800964356}