{"x":32.51723098754883,"y":0.1900867223739624,"z":1.7620290517807007}