{"x":33.13071060180664,"y":0.19008418917655946,"z":-12.458348274230957}