{"x":27.358707427978517,"y":0.19008859992027284,"z":12.219338417053223}