{"x":27.652311325073243,"y":0.19008708000183106,"z":3.6795318126678469}