{"x":29.716476440429689,"y":0.19008708000183106,"z":3.745509147644043}