{"x":27.289175033569337,"y":0.1900886595249176,"z":12.554998397827149}