{"x":33.05315017700195,"y":0.1900867521762848,"z":1.8827999830245972}