{"x":29.915559768676759,"y":0.1900867521762848,"z":1.95395028591156}