{"x":27.216096878051759,"y":0.19008585810661317,"z":-3.1899478435516359}