{"x":32.870426177978519,"y":0.19008708000183106,"z":3.7885429859161379}