{"x":32.363468170166019,"y":0.19008859992027284,"z":12.285786628723145}