{"x":27.209259033203126,"y":0.1900871992111206,"z":4.441446781158447}