{"x":30.741416931152345,"y":0.19008412957191468,"z":-12.75529956817627}