{"x":31.108306884765626,"y":0.19008642435073853,"z":-0.015083801932632923}