{"x":33.52113723754883,"y":0.19008415937423707,"z":-12.774565696716309}