{"x":30.197723388671876,"y":0.19008424878120423,"z":-12.080986022949219}