{"x":26.920974731445314,"y":0.19008716940879823,"z":4.165663242340088}