{"x":32.96101760864258,"y":0.19008851051330567,"z":11.74280834197998}