{"x":30.046472549438478,"y":0.19008409976959229,"z":-13.018088340759278}