{"x":30.398258209228517,"y":0.19008895754814149,"z":14.171566009521485}