{"x":27.430307388305665,"y":0.1900840401649475,"z":-13.21997356414795}