{"x":31.57427406311035,"y":0.19008857011795045,"z":12.11704158782959}