{"x":35.11620330810547,"y":0.19008421897888184,"z":-12.292236328125}