{"x":37.01771545410156,"y":0.19008436799049378,"z":-11.525259971618653}