{"x":33.752716064453128,"y":0.19008871912956239,"z":12.827350616455079}