{"x":35.90688705444336,"y":0.1900886595249176,"z":12.622030258178711}