{"x":28.59029197692871,"y":0.1900843381881714,"z":-11.61106014251709}