{"x":35.63610076904297,"y":0.19008582830429078,"z":-3.258544683456421}