{"x":36.14200973510742,"y":0.19008612632751466,"z":-1.5875027179718018}