{"x":34.083900451660159,"y":0.19008871912956239,"z":12.898941040039063}