{"x":36.241905212402347,"y":0.19008585810661317,"z":-3.078019857406616}