{"x":27.367752075195314,"y":0.19008705019950868,"z":3.602802276611328}