{"x":33.01064682006836,"y":0.19008713960647584,"z":3.9969868659973146}