{"x":33.25306701660156,"y":0.19008603692054749,"z":-2.0726640224456789}