{"x":30.725181579589845,"y":0.190085768699646,"z":-3.6455047130584719}