{"x":32.57536315917969,"y":0.1900842785835266,"z":-12.02429485321045}