{"x":33.46339797973633,"y":0.18746411800384522,"z":0.9463720321655273}