{"x":27.13742446899414,"y":0.19008445739746095,"z":-11.008544921875}