{"x":33.516780853271487,"y":0.19008708000183106,"z":3.7148261070251467}