{"x":30.817171096801759,"y":0.19008582830429078,"z":-3.255394697189331}