{"x":36.17792510986328,"y":0.19008421897888184,"z":-12.363310813903809}