{"x":29.822629928588868,"y":0.19008705019950868,"z":3.535186529159546}