{"x":36.0057487487793,"y":0.19008615612983704,"z":-1.5220024585723878}