{"x":33.48660659790039,"y":0.19008862972259522,"z":12.337658882141114}