{"x":36.94638442993164,"y":0.19008693099021913,"z":3.039811134338379}