{"x":36.1151008605957,"y":0.19008609652519227,"z":-1.7799556255340577}