{"x":33.32814407348633,"y":0.19008415937423707,"z":-12.555838584899903}