{"x":35.917564392089847,"y":0.190085768699646,"z":-3.6022465229034426}