{"x":26.7203369140625,"y":0.19008582830429078,"z":-3.354637384414673}