{"x":33.07621383666992,"y":0.19008421897888184,"z":-12.323102951049805}