{"x":27.058517456054689,"y":0.19008421897888184,"z":-12.218928337097168}