{"x":29.89522933959961,"y":0.19008418917655946,"z":-12.43014144897461}