{"x":29.775449752807618,"y":0.19008415937423707,"z":-12.593838691711426}