{"x":33.25746154785156,"y":0.19008415937423707,"z":-12.627070426940918}