{"x":36.55234146118164,"y":0.19008862972259522,"z":12.401849746704102}