{"x":35.40708923339844,"y":0.19008868932724,"z":12.679642677307129}