{"x":35.90382385253906,"y":0.19008395075798036,"z":-13.864415168762207}