{"x":27.332792282104493,"y":0.19008862972259522,"z":12.462635040283204}