{"x":27.84577178955078,"y":0.19008681178092957,"z":2.1756644248962404}