{"x":33.86383056640625,"y":0.19008716940879823,"z":4.298658847808838}