{"x":36.55832290649414,"y":0.19008585810661317,"z":-3.0654900074005129}