{"x":29.753808975219728,"y":0.19008412957191468,"z":-12.796372413635254}