{"x":36.36395263671875,"y":0.19008582830429078,"z":-3.2959678173065187}