{"x":34.06932830810547,"y":0.19008612632751466,"z":-1.6000101566314698}