{"x":30.758617401123048,"y":0.19008582830429078,"z":-3.209052324295044}