{"x":36.11320877075195,"y":0.19008421897888184,"z":-12.207940101623536}