{"x":29.927995681762697,"y":0.19008412957191468,"z":-12.794997215270996}