{"x":34.56439971923828,"y":0.19008862972259522,"z":12.342216491699219}