{"x":29.84940528869629,"y":0.19008609652519227,"z":-1.7305948734283448}