{"x":35.49428939819336,"y":0.19008415937423707,"z":-12.635912895202637}