{"x":33.22285842895508,"y":0.19008877873420716,"z":13.231306076049805}