{"x":33.389102935791019,"y":0.1900843381881714,"z":-11.624654769897461}