{"x":32.660099029541019,"y":0.19008436799049378,"z":-11.503798484802246}