{"x":36.03470993041992,"y":0.18746599555015565,"z":11.49356460571289}