{"x":35.81330108642578,"y":0.1900843381881714,"z":-11.586268424987793}