{"x":32.52030944824219,"y":0.1874648630619049,"z":5.155117034912109}