{"x":31.453067779541017,"y":0.1900842785835266,"z":-11.95555305480957}