{"x":27.32172966003418,"y":0.19008591771125794,"z":-2.801191568374634}