{"x":27.724477767944337,"y":0.19008678197860719,"z":2.0121207237243654}