{"x":36.29557800292969,"y":0.19008594751358033,"z":-2.6202986240386965}