{"x":36.128334045410159,"y":0.18746596574783326,"z":11.395193099975586}