{"x":32.90652084350586,"y":0.19008582830429078,"z":-3.1659133434295656}