{"x":33.15203094482422,"y":0.1900842785835266,"z":-12.010215759277344}