{"x":36.63261795043945,"y":0.190084308385849,"z":-11.70310115814209}