{"x":27.156478881835939,"y":0.19008618593215943,"z":-1.3284857273101807}