{"x":36.07131576538086,"y":0.1900840401649475,"z":-13.232317924499512}