{"x":36.71329879760742,"y":0.1900842785835266,"z":-12.018712997436524}