{"x":32.759647369384769,"y":0.19008725881576539,"z":4.763692378997803}