{"x":32.91334915161133,"y":0.19008702039718629,"z":3.464651584625244}