{"x":30.525815963745118,"y":0.1900857388973236,"z":-3.7179958820343019}