{"x":36.939125061035159,"y":0.19008868932724,"z":12.652297019958496}