{"x":33.24288558959961,"y":0.1900867521762848,"z":1.8512301445007325}