{"x":33.4153938293457,"y":0.19008588790893556,"z":-2.8950493335723879}