{"x":30.806032180786134,"y":0.19008436799049378,"z":-11.41463851928711}