{"x":36.56253433227539,"y":0.19008868932724,"z":12.758971214294434}