{"x":33.20417022705078,"y":0.19008854031562806,"z":12.084150314331055}