{"x":29.947364807128908,"y":0.19008615612983704,"z":-1.499133825302124}