{"x":29.908769607543947,"y":0.19008415937423707,"z":-12.53347110748291}