{"x":33.46023941040039,"y":0.19008603692054749,"z":-2.0605390071868898}