{"x":32.5527458190918,"y":0.1874620020389557,"z":-10.7597017288208}