{"x":36.39772415161133,"y":0.19008606672286988,"z":-2.0031163692474367}