{"x":30.43092918395996,"y":0.19008415937423707,"z":-12.685662269592286}