{"x":27.743724822998048,"y":0.1874631643295288,"z":-4.325177192687988}