{"x":27.2352237701416,"y":0.19008666276931764,"z":1.6005643606185914}