{"x":33.4864387512207,"y":0.1900857388973236,"z":-3.762976884841919}