{"x":30.155235290527345,"y":0.19008588790893556,"z":-2.938711404800415}