{"x":35.3431510925293,"y":0.19008862972259522,"z":12.380743980407715}