{"x":27.119853973388673,"y":0.1874648630619049,"z":5.176363945007324}