{"x":32.2269172668457,"y":0.1900842785835266,"z":-11.979572296142579}