{"x":36.95958709716797,"y":0.19008681178092957,"z":2.1576156616210939}