{"x":27.307279586791993,"y":0.19008588790893556,"z":-2.9150726795196535}