{"x":33.87718963623047,"y":0.19008421897888184,"z":-12.247900009155274}