{"x":36.358436584472659,"y":0.19008591771125794,"z":-2.7710392475128176}