{"x":36.060855865478519,"y":0.1900857388973236,"z":-3.816906690597534}