{"x":30.914907455444337,"y":0.1900860071182251,"z":-2.3385517597198488}