{"x":36.230613708496097,"y":0.19008713960647584,"z":4.054515361785889}