{"x":35.9746208190918,"y":0.19008579850196839,"z":-3.437795400619507}