{"x":27.45126724243164,"y":0.19008442759513856,"z":-11.178034782409668}