{"x":35.860286712646487,"y":0.19008418917655946,"z":-12.400612831115723}