{"x":27.697202682495118,"y":0.19008862972259522,"z":12.36230182647705}