{"x":30.49345588684082,"y":0.1900886595249176,"z":12.486721992492676}