{"x":33.20651626586914,"y":0.19008418917655946,"z":-12.389405250549317}