{"x":28.43406105041504,"y":0.1900886595249176,"z":12.5549898147583}