{"x":27.863515853881837,"y":0.18746599555015565,"z":11.43508529663086}