{"x":27.227506637573243,"y":0.19008705019950868,"z":3.5091516971588136}