{"x":32.297515869140628,"y":2.723327875137329,"z":-6.694329261779785}