{"x":27.840951919555665,"y":0.19008854031562806,"z":11.962301254272461}