{"x":33.7531852722168,"y":0.19008591771125794,"z":-2.7120659351348879}