{"x":30.790620803833009,"y":0.19008660316467286,"z":0.9876687526702881}