{"x":35.949134826660159,"y":0.1900862157344818,"z":-1.1668236255645753}