{"x":33.558128356933597,"y":0.1900862157344818,"z":-1.0613644123077393}