{"x":27.046791076660158,"y":0.19008669257164002,"z":1.5923221111297608}