{"x":36.31858825683594,"y":0.19008412957191468,"z":-12.824477195739746}