{"x":36.241554260253909,"y":0.19008618593215943,"z":-1.308074712753296}