{"x":33.325408935546878,"y":0.19008588790893556,"z":-3.0073091983795168}