{"x":32.74919891357422,"y":0.19008418917655946,"z":-12.3836030960083}