{"x":31.005783081054689,"y":0.19008731842041017,"z":5.017687797546387}