{"x":28.35127830505371,"y":0.19008678197860719,"z":2.1304268836975099}