{"x":33.19990158081055,"y":0.19008612632751466,"z":-1.6028997898101807}