{"x":28.12307357788086,"y":0.19008854031562806,"z":11.859395027160645}