{"x":36.37353515625,"y":0.19008678197860719,"z":2.0373356342315676}