{"x":26.940799713134767,"y":0.190087229013443,"z":4.595159530639648}