{"x":28.104732513427736,"y":0.1900842785835266,"z":-11.928430557250977}