{"x":36.590946197509769,"y":0.19008567929267884,"z":-3.865041971206665}