{"x":32.65644454956055,"y":0.18746599555015565,"z":11.450740814208985}