{"x":30.29070472717285,"y":0.19008418917655946,"z":-12.433707237243653}