{"x":33.254295349121097,"y":0.19008702039718629,"z":3.420332670211792}