{"x":36.154945373535159,"y":0.19008710980415345,"z":3.9024462699890138}