{"x":27.340314865112306,"y":0.1900869607925415,"z":3.121985912322998}