{"x":36.37705993652344,"y":0.190085768699646,"z":-3.6799261569976808}