{"x":35.86484909057617,"y":0.1900869905948639,"z":3.2474398612976076}