{"x":35.849456787109378,"y":0.19008421897888184,"z":-12.329647064208985}