{"x":35.84033203125,"y":0.19008690118789674,"z":2.6712779998779299}