{"x":33.644386291503909,"y":0.19008874893188477,"z":12.969676971435547}