{"x":31.016441345214845,"y":0.1900862455368042,"z":-0.9539263248443604}