{"x":36.73786163330078,"y":0.19008585810661317,"z":-3.1673038005828859}