{"x":30.76708984375,"y":0.19008570909500123,"z":-3.9866135120391847}