{"x":28.13077163696289,"y":0.19008868932724,"z":12.6372652053833}