{"x":33.5079231262207,"y":0.19008582830429078,"z":-3.315885305404663}