{"x":36.941532135009769,"y":0.19008442759513856,"z":-11.185474395751954}