{"x":33.392662048339847,"y":0.19008594751358033,"z":-2.678880453109741}