{"x":27.73697853088379,"y":0.19008442759513856,"z":-11.181778907775879}