{"x":27.523624420166017,"y":0.19008582830429078,"z":-3.296628713607788}