{"x":34.15274429321289,"y":0.19008612632751466,"z":-1.6232664585113526}