{"x":27.66167449951172,"y":0.19008603692054749,"z":-2.0617892742156984}