{"x":33.7691535949707,"y":0.19008579850196839,"z":-3.52205491065979}