{"x":30.801021575927736,"y":0.19008862972259522,"z":12.380743980407715}