{"x":36.21836471557617,"y":0.19008436799049378,"z":-11.40809154510498}