{"x":27.827634811401368,"y":0.1900886595249176,"z":12.533690452575684}