{"x":27.457508087158204,"y":0.19008421897888184,"z":-12.204926490783692}