{"x":36.2455940246582,"y":0.19008859992027284,"z":12.227080345153809}