{"x":36.939693450927737,"y":0.19008851051330567,"z":11.751691818237305}