{"x":27.5911865234375,"y":0.19008705019950868,"z":3.563938856124878}