{"x":30.517868041992189,"y":0.1900862753391266,"z":-0.8123214244842529}