{"x":35.59830093383789,"y":0.19008588790893556,"z":-3.0200507640838625}