{"x":30.944276809692384,"y":0.19008609652519227,"z":-1.7335121631622315}