{"x":28.420663833618165,"y":0.19008663296699525,"z":1.213892936706543}