{"x":29.86025047302246,"y":0.19008421897888184,"z":-12.308866500854493}