{"x":36.3098030090332,"y":0.1900859773159027,"z":-2.41576886177063}