{"x":33.71181869506836,"y":0.19008418917655946,"z":-12.441121101379395}