{"x":36.30441665649414,"y":0.1900867521762848,"z":1.8131791353225709}