{"x":27.115955352783204,"y":0.1900860071182251,"z":-2.3153841495513918}