{"x":33.949424743652347,"y":0.19008681178092957,"z":2.2055697441101076}