{"x":27.72163200378418,"y":0.19008868932724,"z":12.706161499023438}