{"x":36.649776458740237,"y":0.18746322393417359,"z":-4.031034469604492}