{"x":33.881507873535159,"y":0.19008705019950868,"z":3.4910240173339845}