{"x":36.92201614379883,"y":0.19008687138557435,"z":2.469024181365967}