{"x":33.092769622802737,"y":0.1900888979434967,"z":13.9031343460083}