{"x":36.38143539428711,"y":0.1900842785835266,"z":-11.890295028686524}