{"x":30.726987838745118,"y":0.19008421897888184,"z":-12.198132514953614}