{"x":27.24667739868164,"y":0.19008705019950868,"z":3.594761610031128}