{"x":27.60085105895996,"y":0.18746593594551087,"z":11.18466567993164}