{"x":36.816307067871097,"y":0.19008421897888184,"z":-12.33389949798584}