{"x":28.825376510620118,"y":0.18746361136436463,"z":-1.9018583297729493}