{"x":33.49123764038086,"y":0.19008579850196839,"z":-3.4674952030181886}