{"x":35.89897918701172,"y":0.19008424878120423,"z":-12.192805290222168}