{"x":27.81294822692871,"y":0.19008868932724,"z":12.678380966186524}