{"x":27.942567825317384,"y":0.19008579850196839,"z":-3.45886492729187}