{"x":30.335033416748048,"y":0.19008615612983704,"z":-1.3934447765350342}