{"x":36.474273681640628,"y":0.19008857011795045,"z":12.025452613830567}