{"x":33.62704086303711,"y":0.19008606672286988,"z":-1.9789750576019288}