{"x":36.03507614135742,"y":0.19008857011795045,"z":12.025270462036133}