{"x":30.155550003051759,"y":0.19008848071098329,"z":11.745186805725098}