{"x":33.69700241088867,"y":0.19008439779281617,"z":-11.239532470703125}