{"x":30.210962295532228,"y":0.190084308385849,"z":-11.74898910522461}