{"x":36.540191650390628,"y":0.1900842785835266,"z":-11.987839698791504}