{"x":33.03339767456055,"y":0.1900862753391266,"z":-0.8038885593414307}