{"x":36.26696014404297,"y":0.1900869905948639,"z":3.149111747741699}