{"x":35.10044860839844,"y":0.19008868932724,"z":12.852762222290039}