{"x":30.03276824951172,"y":0.19008663296699525,"z":1.211306095123291}