{"x":33.51655960083008,"y":0.1900862753391266,"z":-0.7403090000152588}