{"x":35.54239273071289,"y":0.19008579850196839,"z":-3.415099859237671}