{"x":30.56328773498535,"y":0.190087229013443,"z":4.547659873962402}