{"x":30.745162963867189,"y":0.19008880853652955,"z":13.34369945526123}