{"x":27.43509292602539,"y":0.19008862972259522,"z":12.4336519241333}