{"x":30.265905380249025,"y":0.1900867223739624,"z":1.841274380683899}