{"x":35.931251525878909,"y":0.1874620020389557,"z":-10.812840461730957}