{"x":27.752838134765626,"y":0.19008582830429078,"z":-3.42081618309021}