{"x":30.3848876953125,"y":0.19008710980415345,"z":3.9218058586120607}