{"x":30.602161407470704,"y":0.19008421897888184,"z":-12.312249183654786}