{"x":26.70871353149414,"y":0.1900869905948639,"z":3.188046455383301}