{"x":36.028350830078128,"y":0.19008412957191468,"z":-12.723862648010254}