{"x":30.19805145263672,"y":0.19008401036262513,"z":-13.3716402053833}