{"x":29.898046493530275,"y":0.19008603692054749,"z":-2.1299750804901125}