{"x":33.71302795410156,"y":0.19008710980415345,"z":3.8694372177124025}