{"x":35.96744918823242,"y":0.19008713960647584,"z":4.0322041511535648}