{"x":35.921173095703128,"y":0.1900859773159027,"z":-2.4111745357513429}