{"x":30.098072052001954,"y":0.19008409976959229,"z":-12.930731773376465}