{"x":31.002368927001954,"y":0.19008630514144898,"z":-0.5888502597808838}