{"x":33.64506149291992,"y":0.18746396899223329,"z":0.24966095387935639}