{"x":32.11143112182617,"y":0.19008442759513856,"z":-11.156731605529786}