{"x":36.3448371887207,"y":0.19008418917655946,"z":-12.404471397399903}