{"x":26.988407135009767,"y":0.19008409976959229,"z":-12.994721412658692}