{"x":35.73002624511719,"y":0.19008713960647584,"z":4.092598915100098}