{"x":30.628101348876954,"y":0.19008424878120423,"z":-12.054140090942383}