{"x":33.7396240234375,"y":0.18746289610862733,"z":-5.900759696960449}