{"x":36.45869064331055,"y":0.19008424878120423,"z":-12.056396484375}