{"x":36.815147399902347,"y":0.19008588790893556,"z":-2.920078992843628}