{"x":32.865230560302737,"y":0.19008708000183106,"z":3.7543888092041017}