{"x":30.613117218017579,"y":0.19008666276931764,"z":1.5393133163452149}