{"x":33.35844802856445,"y":0.19008857011795045,"z":12.294220924377442}