{"x":35.293277740478519,"y":0.1900857388973236,"z":-3.643070936203003}