{"x":35.7571907043457,"y":0.19008606672286988,"z":-1.916187047958374}