{"x":30.1049747467041,"y":0.190085768699646,"z":-3.551081418991089}