{"x":33.65161895751953,"y":0.1900860071182251,"z":-2.254807233810425}