{"x":36.18967819213867,"y":0.1900886595249176,"z":12.486899375915528}