{"x":33.78895568847656,"y":0.19008708000183106,"z":3.676759958267212}