{"x":31.38269805908203,"y":0.19008415937423707,"z":-12.694729804992676}