{"x":33.71455001831055,"y":0.1900842785835266,"z":-12.114145278930664}