{"x":36.09356689453125,"y":0.19008567929267884,"z":-3.881510019302368}