{"x":36.26460647583008,"y":0.1900842785835266,"z":-11.917394638061524}