{"x":31.316070556640626,"y":0.1874658763408661,"z":10.884471893310547}