{"x":37.13324737548828,"y":0.19008421897888184,"z":-12.362726211547852}