{"x":33.26274108886719,"y":0.19008567929267884,"z":-3.977555513381958}