{"x":33.152671813964847,"y":0.19008585810661317,"z":-3.1651012897491457}