{"x":32.839752197265628,"y":0.19008606672286988,"z":-1.915938138961792}