{"x":33.9968376159668,"y":0.19008678197860719,"z":2.076030969619751}