{"x":32.72764205932617,"y":0.19008579850196839,"z":-3.442582845687866}