{"x":28.673391342163087,"y":0.18746191263198853,"z":-11.279261589050293}