{"x":33.585784912109378,"y":0.19008854031562806,"z":11.866283416748047}