{"x":30.413837432861329,"y":0.19008612632751466,"z":-1.7516515254974366}