{"x":29.719465255737306,"y":0.19008851051330567,"z":11.66121768951416}