{"x":36.64562225341797,"y":0.1900840699672699,"z":-13.114333152770996}