{"x":30.520038604736329,"y":0.1900886595249176,"z":12.501866340637207}