{"x":30.111387252807618,"y":0.19008868932724,"z":12.733839988708496}