{"x":33.35093688964844,"y":0.19008871912956239,"z":12.863728523254395}