{"x":30.48526382446289,"y":0.19008859992027284,"z":12.268016815185547}