{"x":30.404293060302736,"y":0.19008603692054749,"z":-2.110797166824341}