{"x":33.23542404174805,"y":0.1900862455368042,"z":-0.949908971786499}