{"x":27.208492279052736,"y":0.19008633494377137,"z":-0.4451169967651367}