{"x":28.089519500732423,"y":0.19008418917655946,"z":-12.489983558654786}