{"x":30.822784423828126,"y":0.18746402859687806,"z":0.511164665222168}