{"x":33.112823486328128,"y":0.19008418917655946,"z":-12.47280216217041}