{"x":27.479278564453126,"y":0.1900869905948639,"z":3.1776154041290285}