{"x":29.67771339416504,"y":0.19008687138557435,"z":2.4796056747436525}