{"x":35.906089782714847,"y":0.19008618593215943,"z":-1.3309805393218995}