{"x":30.513351440429689,"y":0.1900869607925415,"z":3.065216302871704}