{"x":31.055435180664064,"y":0.19008633494377137,"z":-0.3792569637298584}