{"x":26.445213317871095,"y":0.19008588790893556,"z":-3.0175974369049074}