{"x":33.26617431640625,"y":0.19008851051330567,"z":11.952609062194825}