{"x":33.11101531982422,"y":0.19008854031562806,"z":11.900059700012207}