{"x":35.594200134277347,"y":0.19008603692054749,"z":-2.0718400478363039}