{"x":29.85361671447754,"y":0.1900862157344818,"z":-1.1563661098480225}