{"x":30.725112915039064,"y":0.19008612632751466,"z":-1.6828138828277588}