{"x":33.38337707519531,"y":0.19008848071098329,"z":11.714317321777344}