{"x":33.30940628051758,"y":0.19008705019950868,"z":3.593285083770752}