{"x":30.583662033081056,"y":0.19008687138557435,"z":2.6066269874572756}