{"x":27.70687484741211,"y":0.1900886595249176,"z":12.529555320739746}