{"x":36.68117904663086,"y":0.19008666276931764,"z":1.4307637214660645}