{"x":31.23173713684082,"y":0.19008606672286988,"z":-1.9537217617034913}