{"x":30.137422561645509,"y":0.19008606672286988,"z":-1.9328749179840088}