{"x":33.7047119140625,"y":0.19008859992027284,"z":12.17967700958252}