{"x":33.2542839050293,"y":0.1900867521762848,"z":1.8682962656021119}