{"x":33.391178131103519,"y":0.19008588790893556,"z":-2.9633238315582277}