{"x":34.90183639526367,"y":0.18746578693389893,"z":10.307889938354493}