{"x":36.337589263916019,"y":0.19008594751358033,"z":-2.5467140674591066}