{"x":26.58966064453125,"y":0.19008636474609376,"z":-0.3162500858306885}