{"x":30.761714935302736,"y":0.1900840699672699,"z":-13.106070518493653}