{"x":30.328872680664064,"y":0.19008579850196839,"z":-3.437192678451538}