{"x":35.583988189697269,"y":0.18746578693389893,"z":10.253406524658204}