{"x":36.00660705566406,"y":0.19008579850196839,"z":-3.464242696762085}