{"x":30.73415184020996,"y":0.19008615612983704,"z":-1.5134284496307374}