{"x":34.4307746887207,"y":0.19008868932724,"z":12.682731628417969}