{"x":33.65384292602539,"y":0.18746519088745118,"z":6.862845420837402}