{"x":34.13804244995117,"y":0.18746599555015565,"z":11.547704696655274}