{"x":30.629606246948243,"y":0.1900859773159027,"z":-2.3922064304351808}