{"x":30.382335662841798,"y":0.1900869905948639,"z":3.1472203731536867}