{"x":33.21503448486328,"y":0.19008857011795045,"z":12.09228801727295}