{"x":30.027908325195314,"y":0.19008690118789674,"z":2.6958365440368654}