{"x":34.23294448852539,"y":0.19008412957191468,"z":-12.788403511047364}