{"x":26.904695510864259,"y":0.1900862157344818,"z":-1.1210534572601319}