{"x":33.37088394165039,"y":0.19008880853652955,"z":13.349371910095215}