{"x":30.538150787353517,"y":0.19008684158325196,"z":2.358201026916504}