{"x":30.634477615356447,"y":0.19008702039718629,"z":3.44803524017334}