{"x":27.31238555908203,"y":0.19008678197860719,"z":2.0518405437469484}