{"x":33.666786193847659,"y":0.19008874893188477,"z":13.051182746887207}