{"x":27.151905059814454,"y":0.1900840699672699,"z":-13.041932106018067}