{"x":30.40717887878418,"y":0.19008594751358033,"z":-2.6869733333587648}