{"x":34.00672149658203,"y":0.19008874893188477,"z":13.044736862182618}