{"x":27.532161712646486,"y":0.19008630514144898,"z":-0.6459920406341553}