{"x":33.24207305908203,"y":0.18746405839920045,"z":0.7280588150024414}