{"x":33.3128547668457,"y":0.1900862753391266,"z":-0.7195179462432861}