{"x":28.255115509033204,"y":0.19008857011795045,"z":12.050627708435059}