{"x":33.4010009765625,"y":0.19008880853652955,"z":13.400537490844727}