{"x":33.04941940307617,"y":0.19008612632751466,"z":-1.6583616733551026}