{"x":30.717815399169923,"y":0.19008409976959229,"z":-12.932732582092286}