{"x":27.465007781982423,"y":0.19008612632751466,"z":-1.5877916812896729}