{"x":27.69111442565918,"y":0.19008854031562806,"z":11.815834045410157}