{"x":30.83257293701172,"y":0.19008874893188477,"z":13.007774353027344}