{"x":33.37385177612305,"y":0.1874631941318512,"z":-4.110333442687988}