{"x":27.31240463256836,"y":0.1900842785835266,"z":-11.903076171875}