{"x":29.75984001159668,"y":0.19008731842041017,"z":5.024757385253906}