{"x":28.568693161010743,"y":0.19008851051330567,"z":11.939610481262207}