{"x":27.099458694458009,"y":0.18746596574783326,"z":11.235345840454102}