{"x":36.72394561767578,"y":0.19008862972259522,"z":12.417177200317383}