{"x":36.02680969238281,"y":0.19008705019950868,"z":3.480067253112793}