{"x":35.91648864746094,"y":0.19008612632751466,"z":-1.5335590839385987}