{"x":30.523292541503908,"y":0.1900886595249176,"z":12.520075798034668}