{"x":28.092514038085939,"y":0.1900842785835266,"z":-11.704863548278809}