{"x":30.722429275512697,"y":0.1900857388973236,"z":-3.7502458095550539}