{"x":36.40555191040039,"y":0.19008421897888184,"z":-12.3414306640625}