{"x":29.556982040405275,"y":0.19008713960647584,"z":4.048954010009766}