{"x":33.25188446044922,"y":0.1900869607925415,"z":3.1171274185180666}