{"x":33.07646179199219,"y":0.19008630514144898,"z":-0.596970796585083}