{"x":27.66933250427246,"y":0.190085768699646,"z":-3.627434015274048}