{"x":31.47836685180664,"y":0.18746578693389893,"z":10.396172523498536}