{"x":29.934799194335939,"y":0.19008708000183106,"z":3.668473482131958}