{"x":36.163963317871097,"y":0.19008612632751466,"z":-1.5514476299285889}