{"x":36.186180114746097,"y":0.19008588790893556,"z":-2.899425745010376}