{"x":30.564517974853517,"y":0.1900842785835266,"z":-11.974538803100586}