{"x":29.834653854370118,"y":0.19008693099021913,"z":2.9136908054351808}