{"x":30.332979202270509,"y":0.19008415937423707,"z":-12.569668769836426}