{"x":33.25871276855469,"y":0.190084308385849,"z":-11.751047134399414}