{"x":33.08059310913086,"y":0.1900867223739624,"z":1.7024368047714234}