{"x":27.409414291381837,"y":0.19008585810661317,"z":-3.1519787311553957}