{"x":35.88627243041992,"y":0.18746206164360047,"z":-10.412426948547364}