{"x":35.91899108886719,"y":0.19008585810661317,"z":-3.1135361194610597}