{"x":33.36705780029297,"y":0.1900886595249176,"z":12.520755767822266}