{"x":31.525165557861329,"y":0.19008585810661317,"z":-3.1182138919830324}