{"x":29.270917892456056,"y":0.1900871992111206,"z":4.41709566116333}