{"x":32.43182373046875,"y":0.19008710980415345,"z":3.8847873210906984}