{"x":35.89122009277344,"y":0.1900862753391266,"z":-0.7844741344451904}