{"x":30.9084415435791,"y":0.19008615612983704,"z":-1.4953324794769288}