{"x":27.170257568359376,"y":0.1874619722366333,"z":-10.936415672302246}