{"x":31.086122512817384,"y":0.19008585810661317,"z":-3.1066105365753176}