{"x":27.218233108520509,"y":0.18746593594551087,"z":11.189676284790039}