{"x":30.894968032836915,"y":0.18746203184127809,"z":-10.690217018127442}