{"x":35.73712921142578,"y":0.19008716940879823,"z":4.150992393493652}