{"x":35.29469299316406,"y":0.19008877873420716,"z":13.175107955932618}