{"x":33.4568977355957,"y":0.19008424878120423,"z":-12.08425521850586}