{"x":30.0086669921875,"y":0.19008684158325196,"z":2.458833694458008}