{"x":31.3314151763916,"y":0.19008848071098329,"z":11.7907075881958}