{"x":30.133874893188478,"y":0.19008868932724,"z":12.710332870483399}