{"x":28.65078353881836,"y":0.19008854031562806,"z":12.088003158569336}