{"x":33.981632232666019,"y":0.19008874893188477,"z":13.065652847290039}