{"x":27.098833084106447,"y":0.18746405839920045,"z":0.7171363830566406}