{"x":33.508113861083987,"y":0.19008859992027284,"z":12.172183990478516}