{"x":27.247285842895509,"y":0.18746599555015565,"z":11.46490478515625}