{"x":36.65519714355469,"y":0.19008585810661317,"z":-3.087693452835083}