{"x":30.831647872924806,"y":0.19008585810661317,"z":-3.138737916946411}