{"x":29.95511817932129,"y":0.19008862972259522,"z":12.36162281036377}