{"x":33.404693603515628,"y":0.19008716940879823,"z":4.297796249389648}