{"x":32.71855926513672,"y":0.1900867521762848,"z":1.8600695133209229}