{"x":30.719444274902345,"y":0.190084308385849,"z":-11.80276107788086}