{"x":33.073974609375,"y":0.19008705019950868,"z":3.4724719524383547}