{"x":36.45369338989258,"y":0.19008424878120423,"z":-12.05025577545166}