{"x":31.003528594970704,"y":0.1874631643295288,"z":-4.269412994384766}