{"x":36.921356201171878,"y":0.19008687138557435,"z":2.4714291095733644}