{"x":28.168306350708009,"y":0.19008871912956239,"z":12.942559242248536}