{"x":35.458702087402347,"y":0.1900842785835266,"z":-11.96522045135498}