{"x":29.983768463134767,"y":0.19008678197860719,"z":2.1229052543640138}