{"x":28.062089920043947,"y":0.18746572732925416,"z":9.941347122192383}