{"x":30.089862823486329,"y":0.1900842785835266,"z":-11.884063720703125}