{"x":30.147581100463868,"y":0.1900842785835266,"z":-11.93991470336914}