{"x":28.147151947021486,"y":0.19008859992027284,"z":12.284549713134766}