{"x":27.43638038635254,"y":0.1900862455368042,"z":-0.878000020980835}