{"x":28.161739349365236,"y":0.19008594751358033,"z":-2.642881155014038}