{"x":27.69045639038086,"y":0.19008585810661317,"z":-3.1713902950286867}