{"x":33.5021858215332,"y":0.19008710980415345,"z":3.9378840923309328}