{"x":32.99493408203125,"y":0.19008716940879823,"z":4.148160934448242}