{"x":30.20029067993164,"y":0.19008412957191468,"z":-12.921360969543457}