{"x":35.826332092285159,"y":0.19008588790893556,"z":-3.005383253097534}