{"x":36.040252685546878,"y":0.18746411800384522,"z":0.9341645240783691}