{"x":30.38106346130371,"y":0.1900886595249176,"z":12.632956504821778}