{"x":30.49754524230957,"y":0.19008868932724,"z":12.641345024108887}