{"x":28.26445960998535,"y":0.19008579850196839,"z":-3.388108015060425}