{"x":36.529319763183597,"y":0.19008421897888184,"z":-12.319986343383789}