{"x":35.05112075805664,"y":0.1874631941318512,"z":-4.178048133850098}