{"x":27.98825454711914,"y":0.19008859992027284,"z":12.158928871154786}