{"x":30.36163330078125,"y":0.19008851051330567,"z":11.676495552062989}