{"x":35.787776947021487,"y":0.19008630514144898,"z":-0.5944139957427979}