{"x":33.253456115722659,"y":0.19008615612983704,"z":-1.4594953060150147}