{"x":35.70488739013672,"y":0.1900862753391266,"z":-0.7569539546966553}