{"x":36.96150207519531,"y":0.19008859992027284,"z":12.201677322387696}