{"x":30.88780975341797,"y":0.19008678197860719,"z":2.056624412536621}