{"x":30.337709426879884,"y":0.19008603692054749,"z":-2.1474602222442629}