{"x":36.14213562011719,"y":0.19008579850196839,"z":-3.382295846939087}