{"x":33.221038818359378,"y":0.19008424878120423,"z":-12.127599716186524}