{"x":26.9775333404541,"y":0.19008657336235047,"z":1.0444302558898926}