{"x":30.970556259155275,"y":0.19008418917655946,"z":-12.384367942810059}