{"x":27.58013153076172,"y":0.19008421897888184,"z":-12.278546333312989}