{"x":32.55974578857422,"y":0.19008713960647584,"z":4.115701675415039}