{"x":26.40362548828125,"y":0.19458076357841493,"z":-13.532368659973145}