{"x":30.21869468688965,"y":0.1900842785835266,"z":-11.916424751281739}