{"x":30.95199203491211,"y":0.18746408820152284,"z":0.7755498886108398}