{"x":27.00428581237793,"y":0.190084308385849,"z":-11.822742462158204}