{"x":27.302448272705079,"y":0.19008606672286988,"z":-1.92032790184021}