{"x":33.15138626098633,"y":0.190085768699646,"z":-3.6602580547332765}