{"x":35.84122848510742,"y":0.19008868932724,"z":12.636200904846192}