{"x":27.262067794799806,"y":0.19008642435073853,"z":0.04572700336575508}