{"x":28.090194702148439,"y":0.1900886595249176,"z":12.585951805114746}