{"x":30.313508987426759,"y":0.19008609652519227,"z":-1.852473497390747}