{"x":30.658906936645509,"y":0.19008868932724,"z":12.69095230102539}