{"x":33.431400299072269,"y":0.1874648630619049,"z":5.152431011199951}