{"x":33.22869873046875,"y":0.1900886595249176,"z":12.590767860412598}