{"x":27.945125579833986,"y":0.19008868932724,"z":12.673518180847168}