{"x":33.066009521484378,"y":0.19008582830429078,"z":-3.2666471004486086}