{"x":30.483806610107423,"y":0.19008862972259522,"z":12.431053161621094}