{"x":29.766979217529298,"y":0.1874619722366333,"z":-10.951813697814942}