{"x":33.66487121582031,"y":0.19008591771125794,"z":-2.857100248336792}