{"x":33.090816497802737,"y":0.19008669257164002,"z":1.5845597982406617}