{"x":30.82530403137207,"y":0.19008591771125794,"z":-2.843384027481079}