{"x":33.0703125,"y":0.19008702039718629,"z":3.380622148513794}