{"x":36.083961486816409,"y":0.19008585810661317,"z":-3.190945863723755}