{"x":33.550254821777347,"y":0.1900862157344818,"z":-1.0404980182647706}