{"x":33.27011489868164,"y":0.19008615612983704,"z":-1.4859092235565186}