{"x":30.453805923461915,"y":0.1900838315486908,"z":-14.369410514831543}