{"x":33.718719482421878,"y":0.1900842785835266,"z":-11.956060409545899}