{"x":28.207979202270509,"y":0.19008603692054749,"z":-2.1478707790374758}