{"x":30.320863723754884,"y":0.19008415937423707,"z":-12.603779792785645}