{"x":33.51264572143555,"y":0.18746402859687806,"z":0.4612846374511719}