{"x":27.61467170715332,"y":0.19008857011795045,"z":12.101247787475586}