{"x":27.001243591308595,"y":0.190085768699646,"z":-3.5685431957244875}