{"x":27.296762466430665,"y":0.18746307492256165,"z":-4.80094051361084}