{"x":26.954761505126954,"y":0.1900862157344818,"z":-1.192803144454956}