{"x":27.400846481323243,"y":0.19008603692054749,"z":-2.166158437728882}