{"x":32.846458435058597,"y":0.1874631941318512,"z":-4.1284685134887699}