{"x":36.392120361328128,"y":0.19008681178092957,"z":2.2598910331726076}