{"x":35.62627410888672,"y":0.18746411800384522,"z":0.9272785186767578}