{"x":27.117530822753908,"y":0.19008424878120423,"z":-12.147640228271485}