{"x":33.257728576660159,"y":0.19008618593215943,"z":-1.295165777206421}