{"x":27.16362953186035,"y":0.19008874893188477,"z":13.079087257385254}