{"x":33.10315704345703,"y":0.19008579850196839,"z":-3.4674041271209719}