{"x":27.087066650390626,"y":0.19008666276931764,"z":1.4099071025848389}