{"x":27.337581634521486,"y":0.19008710980415345,"z":3.936610698699951}