{"x":35.661468505859378,"y":0.18746310472488404,"z":-4.6498918533325199}