{"x":30.81273651123047,"y":0.19008424878120423,"z":-12.110260963439942}