{"x":27.892005920410158,"y":0.1900857388973236,"z":-3.7143714427948}