{"x":35.738258361816409,"y":0.19008579850196839,"z":-3.4203836917877199}