{"x":33.89453887939453,"y":0.19008871912956239,"z":12.966339111328125}