{"x":30.020517349243165,"y":0.19008409976959229,"z":-13.005082130432129}