{"x":33.85287094116211,"y":0.1900886595249176,"z":12.55192756652832}