{"x":30.81590461730957,"y":0.19008705019950868,"z":3.5200657844543459}