{"x":30.172452926635743,"y":0.19008854031562806,"z":11.884833335876465}