{"x":33.62482452392578,"y":0.19008421897888184,"z":-12.221755027770996}