{"x":36.696922302246097,"y":0.190085768699646,"z":-3.587989568710327}