{"x":32.752567291259769,"y":0.19008633494377137,"z":-0.5093600749969482}