{"x":37.716575622558597,"y":0.18746435642242433,"z":2.377906322479248}