{"x":30.968303680419923,"y":0.19008603692054749,"z":-2.1675732135772707}