{"x":33.300453186035159,"y":0.19008857011795045,"z":12.061504364013672}