{"x":35.64542007446289,"y":0.19008636474609376,"z":-0.3424830436706543}