{"x":27.031997680664064,"y":0.18746206164360047,"z":-10.489972114562989}