{"x":34.0471305847168,"y":0.18746593594551087,"z":11.19016170501709}