{"x":27.98023796081543,"y":0.19008663296699525,"z":1.1968882083892823}