{"x":32.965980529785159,"y":0.19008660316467286,"z":1.0867304801940919}