{"x":27.68149185180664,"y":0.19008678197860719,"z":2.001156806945801}