{"x":33.50053405761719,"y":0.19008594751358033,"z":-2.6390163898468019}