{"x":33.24063491821289,"y":0.19008710980415345,"z":3.836982488632202}