{"x":33.09436798095703,"y":0.1900886595249176,"z":12.571810722351075}