{"x":33.07838439941406,"y":0.19008409976959229,"z":-12.977295875549317}