{"x":34.12181091308594,"y":0.19008868932724,"z":12.731252670288086}