{"x":27.539222717285158,"y":0.19008612632751466,"z":-1.6896860599517823}