{"x":27.257858276367189,"y":0.18746593594551087,"z":11.204792022705079}