{"x":33.160194396972659,"y":0.19008630514144898,"z":-0.6543543338775635}