{"x":27.066213607788087,"y":0.19008728861808778,"z":4.9268035888671879}