{"x":30.351829528808595,"y":0.19008871912956239,"z":12.852412223815918}