{"x":36.89168167114258,"y":0.1900869607925415,"z":3.0053796768188478}