{"x":30.162765502929689,"y":0.1900859773159027,"z":-2.5252482891082765}