{"x":29.729021072387697,"y":0.19008862972259522,"z":12.360395431518555}