{"x":33.16356658935547,"y":0.19008412957191468,"z":-12.800353050231934}