{"x":29.79962921142578,"y":0.19008710980415345,"z":3.857424259185791}