{"x":32.47142791748047,"y":0.19008716940879823,"z":4.108757019042969}