{"x":27.577226638793947,"y":0.19008868932724,"z":12.63953971862793}