{"x":30.503942489624025,"y":0.1900869905948639,"z":3.2507872581481935}