{"x":27.766569137573243,"y":0.19008681178092957,"z":2.254288911819458}