{"x":30.65005874633789,"y":0.19008582830429078,"z":-3.262068033218384}