{"x":33.03569793701172,"y":0.19008436799049378,"z":-11.438433647155762}