{"x":27.120630264282228,"y":0.1900871992111206,"z":4.421246528625488}