{"x":33.49508285522461,"y":0.19008415937423707,"z":-12.664490699768067}