{"x":27.35909652709961,"y":0.19008851051330567,"z":11.645269393920899}