{"x":33.4272575378418,"y":0.19008639454841615,"z":-0.06511785089969635}