{"x":31.085079193115236,"y":0.18746313452720643,"z":-4.464794158935547}