{"x":36.26786804199219,"y":0.19008424878120423,"z":-12.163552284240723}