{"x":28.256404876708986,"y":0.19008579850196839,"z":-3.453356981277466}