{"x":27.4262752532959,"y":0.1900859773159027,"z":-2.4674994945526125}