{"x":30.585060119628908,"y":0.19008868932724,"z":12.73979663848877}