{"x":33.43663024902344,"y":0.19008666276931764,"z":1.337270736694336}