{"x":27.723560333251954,"y":0.1900869905948639,"z":3.203969717025757}