{"x":30.12039566040039,"y":0.19008615612983704,"z":-1.4896032810211182}