{"x":30.059890747070314,"y":0.19008421897888184,"z":-12.237149238586426}