{"x":36.009864807128909,"y":0.1900842785835266,"z":-11.960772514343262}