{"x":27.280345916748048,"y":0.1900843381881714,"z":-11.55062484741211}