{"x":30.53268051147461,"y":0.19008415937423707,"z":-12.689284324645996}