{"x":36.1212158203125,"y":0.19008588790893556,"z":-2.9888036251068117}