{"x":30.39160919189453,"y":0.19008588790893556,"z":-2.8810222148895265}