{"x":35.982872009277347,"y":0.1900869607925415,"z":2.9798755645751955}