{"x":33.20153045654297,"y":0.1900859773159027,"z":-2.39836049079895}