{"x":31.16005516052246,"y":0.19008439779281617,"z":-11.327689170837403}