{"x":33.53993606567383,"y":0.19008436799049378,"z":-11.520028114318848}