{"x":33.53071212768555,"y":0.19008708000183106,"z":3.6660304069519045}