{"x":33.62955093383789,"y":0.19008681178092957,"z":2.2672617435455324}