{"x":36.24672317504883,"y":0.19008609652519227,"z":-1.7573163509368897}