{"x":32.5333251953125,"y":0.1900862753391266,"z":-0.8606207370758057}