{"x":32.38507843017578,"y":0.19008442759513856,"z":-11.19019603729248}