{"x":35.507041931152347,"y":0.1874631643295288,"z":-4.360886573791504}