{"x":35.5712776184082,"y":0.19008702039718629,"z":3.329728603363037}