{"x":30.2254638671875,"y":0.19008666276931764,"z":1.3761951923370362}