{"x":30.04384422302246,"y":0.19008705019950868,"z":3.596137046813965}