{"x":35.44388198852539,"y":0.19008588790893556,"z":-2.9741809368133547}