{"x":27.365966796875,"y":0.19008579850196839,"z":-3.481813669204712}