{"x":27.614604949951173,"y":0.1900889277458191,"z":13.998848915100098}