{"x":27.48008918762207,"y":0.19008862972259522,"z":12.394304275512696}