{"x":33.41371154785156,"y":0.19008862972259522,"z":12.374445915222168}