{"x":33.83774185180664,"y":0.19008868932724,"z":12.767024993896485}