{"x":33.61332321166992,"y":0.19008588790893556,"z":-3.0039918422698976}