{"x":30.012144088745118,"y":0.190084308385849,"z":-11.804499626159668}