{"x":33.652957916259769,"y":0.19008412957191468,"z":-12.845101356506348}