{"x":32.792686462402347,"y":0.1900886595249176,"z":12.523466110229493}