{"x":31.51479148864746,"y":0.19008603692054749,"z":-2.17913556098938}