{"x":30.46111297607422,"y":0.19008591771125794,"z":-2.8206536769866945}