{"x":33.443145751953128,"y":0.190085768699646,"z":-3.5489203929901125}