{"x":33.4744758605957,"y":0.19008669257164002,"z":1.5771883726119996}