{"x":27.425935745239259,"y":0.19008582830429078,"z":-3.3697335720062258}