{"x":36.51996994018555,"y":0.19008705019950868,"z":3.5481300354003908}