{"x":33.6634635925293,"y":0.19008862972259522,"z":12.346532821655274}