{"x":32.376914978027347,"y":0.19008415937423707,"z":-12.660157203674317}