{"x":32.63568115234375,"y":0.19008636474609376,"z":-0.22895289957523347}