{"x":33.403507232666019,"y":0.19008678197860719,"z":2.003922462463379}