{"x":33.514339447021487,"y":0.19008702039718629,"z":3.3339600563049318}