{"x":28.05545425415039,"y":0.19008859992027284,"z":12.156800270080567}