{"x":32.98005676269531,"y":0.190084308385849,"z":-11.788871765136719}