{"x":32.363407135009769,"y":0.19008579850196839,"z":-3.514998197555542}