{"x":33.72801208496094,"y":0.19008862972259522,"z":12.414273262023926}