{"x":32.878475189208987,"y":0.19008871912956239,"z":12.869898796081543}