{"x":27.16497802734375,"y":0.19008582830429078,"z":-3.3145291805267336}