{"x":33.75509262084961,"y":0.1900842785835266,"z":-11.922706604003907}