{"x":30.39634132385254,"y":0.1900867223739624,"z":1.7098859548568726}