{"x":33.30995559692383,"y":0.19008880853652955,"z":13.36897087097168}