{"x":33.444129943847659,"y":0.1900867521762848,"z":1.9536648988723755}