{"x":30.631311416625978,"y":0.19008609652519227,"z":-1.7719905376434327}