{"x":35.83674240112305,"y":0.19008579850196839,"z":-3.446293592453003}