{"x":30.804323196411134,"y":0.19008615612983704,"z":-1.4787418842315674}