{"x":36.80946350097656,"y":0.1900840699672699,"z":-13.06733226776123}