{"x":30.117408752441408,"y":0.19008439779281617,"z":-11.299749374389649}