{"x":33.04462814331055,"y":0.19008412957191468,"z":-12.722968101501465}