{"x":36.660518646240237,"y":0.19008678197860719,"z":2.057492733001709}