{"x":33.27085876464844,"y":0.19008579850196839,"z":-3.4204838275909426}