{"x":36.236087799072269,"y":0.19008389115333558,"z":-14.036980628967286}