{"x":33.11863327026367,"y":0.1900857388973236,"z":-3.8550808429718019}