{"x":34.08464431762695,"y":0.19008854031562806,"z":11.959673881530762}