{"x":30.50235939025879,"y":0.19008874893188477,"z":12.994816780090332}