{"x":31.085758209228517,"y":0.18746599555015565,"z":11.477012634277344}