{"x":32.909400939941409,"y":0.1900867223739624,"z":1.7306615114212037}