{"x":27.426658630371095,"y":0.19008716940879823,"z":4.1722517013549809}