{"x":33.789146423339847,"y":0.1900886595249176,"z":12.596915245056153}