{"x":30.380626678466798,"y":0.1900886595249176,"z":12.6344575881958}