{"x":27.25990867614746,"y":0.19008412957191468,"z":-12.707770347595215}