{"x":27.330997467041017,"y":0.19008868932724,"z":12.636558532714844}