{"x":29.985881805419923,"y":0.19008439779281617,"z":-11.254708290100098}