{"x":29.90325355529785,"y":0.19008713960647584,"z":3.977006435394287}