{"x":33.77839660644531,"y":0.19008582830429078,"z":-3.0583674907684328}