{"x":30.07057762145996,"y":0.19008424878120423,"z":-12.059486389160157}