{"x":33.06171798706055,"y":0.19008702039718629,"z":3.3575050830841066}