{"x":36.53953170776367,"y":0.19008424878120423,"z":-12.049487113952637}