{"x":27.574737548828126,"y":0.190084308385849,"z":-11.806376457214356}