{"x":36.39424514770508,"y":0.19008591771125794,"z":-2.8342697620391847}