{"x":33.38335418701172,"y":0.1900862157344818,"z":-1.157688856124878}