{"x":28.244403839111329,"y":0.19008871912956239,"z":12.907336235046387}