{"x":30.404356002807618,"y":0.190084308385849,"z":-11.837440490722657}