{"x":33.479583740234378,"y":0.19008848071098329,"z":11.61862850189209}