{"x":27.842456817626954,"y":0.19008630514144898,"z":-0.6836326122283936}