{"x":27.336015701293947,"y":0.19008439779281617,"z":-11.306912422180176}