{"x":27.50813865661621,"y":0.19008609652519227,"z":-1.8188230991363526}