{"x":32.88222885131836,"y":0.190085768699646,"z":-3.6105525493621828}