{"x":30.507192611694337,"y":0.1900842785835266,"z":-11.99316120147705}