{"x":36.71045684814453,"y":0.1900842785835266,"z":-11.865490913391114}