{"x":30.392425537109376,"y":0.19008681178092957,"z":2.2799789905548097}