{"x":33.16175079345703,"y":0.19008705019950868,"z":3.6143839359283449}