{"x":33.23607635498047,"y":0.1900886595249176,"z":12.603879928588868}