{"x":33.191917419433597,"y":0.19008424878120423,"z":-12.191229820251465}