{"x":30.4293270111084,"y":0.19008716940879823,"z":4.241485595703125}