{"x":36.80979537963867,"y":0.19008567929267884,"z":-3.9577829837799074}