{"x":31.052350997924806,"y":0.19008606672286988,"z":-2.019026041030884}