{"x":33.521873474121097,"y":0.1900867223739624,"z":1.7696086168289185}