{"x":26.91425323486328,"y":0.19008669257164002,"z":1.6115838289260865}