{"x":27.422128677368165,"y":0.19008439779281617,"z":-11.224889755249024}