{"x":33.71159362792969,"y":0.190087229013443,"z":4.552220344543457}