{"x":27.619525909423829,"y":0.19008868932724,"z":12.680036544799805}