{"x":35.96409606933594,"y":0.19008681178092957,"z":2.2435550689697267}