{"x":35.34210205078125,"y":0.190085768699646,"z":-3.5578815937042238}