{"x":30.2348575592041,"y":0.19008681178092957,"z":2.2267303466796877}