{"x":33.4827880859375,"y":0.19008609652519227,"z":-1.8517749309539796}