{"x":35.4813346862793,"y":0.19008579850196839,"z":-3.4923956394195558}