{"x":30.277772903442384,"y":0.19008859992027284,"z":12.43150806427002}