{"x":36.45785140991211,"y":0.19008418917655946,"z":-12.485858917236329}