{"x":27.38155746459961,"y":0.19008681178092957,"z":2.145815134048462}