{"x":27.412031173706056,"y":0.1900869607925415,"z":2.9796881675720217}