{"x":30.244176864624025,"y":0.19008702039718629,"z":3.348660945892334}