{"x":33.73712921142578,"y":0.19008415937423707,"z":-12.606207847595215}