{"x":27.573135375976564,"y":0.190084308385849,"z":-11.737970352172852}