{"x":27.870386123657228,"y":0.19008663296699525,"z":1.3346099853515626}