{"x":31.252622604370118,"y":0.19008442759513856,"z":-11.032317161560059}