{"x":33.87296676635742,"y":0.19008588790893556,"z":-2.929384469985962}