{"x":30.815908432006837,"y":0.19008705019950868,"z":3.494473934173584}