{"x":34.060302734375,"y":0.1900886595249176,"z":12.521649360656739}