{"x":33.019065856933597,"y":0.19008442759513856,"z":-11.147477149963379}