{"x":27.137449264526368,"y":0.19008642435073853,"z":-0.010671389289200306}