{"x":30.32827377319336,"y":0.19008716940879823,"z":4.296287536621094}