{"x":33.713932037353519,"y":0.19008591771125794,"z":-2.828606367111206}