{"x":30.660167694091798,"y":0.19008421897888184,"z":-12.333944320678711}