{"x":28.43258285522461,"y":0.19008579850196839,"z":-3.3757541179656984}