{"x":33.78484344482422,"y":0.19008883833885194,"z":13.555764198303223}