{"x":27.641101837158204,"y":0.19008710980415345,"z":3.8310303688049318}