{"x":36.33021926879883,"y":0.19008857011795045,"z":12.010334968566895}