{"x":36.79741668701172,"y":0.1900859773159027,"z":-2.365861654281616}