{"x":27.301170349121095,"y":0.1900842785835266,"z":-11.911957740783692}