{"x":27.052413940429689,"y":0.1900869905948639,"z":3.1532981395721437}