{"x":35.676334381103519,"y":0.190084308385849,"z":-11.813970565795899}