{"x":29.872440338134767,"y":0.19008710980415345,"z":3.819218397140503}