{"x":26.88344383239746,"y":0.19008609652519227,"z":-1.818631887435913}