{"x":33.494651794433597,"y":0.19008868932724,"z":12.772223472595215}