{"x":27.314746856689454,"y":0.19008710980415345,"z":3.9279744625091554}