{"x":33.20542526245117,"y":0.19008857011795045,"z":12.009614944458008}