{"x":33.55287551879883,"y":0.19008436799049378,"z":-11.522286415100098}