{"x":27.93423080444336,"y":0.19008591771125794,"z":-2.7564618587493898}