{"x":33.549957275390628,"y":0.19008612632751466,"z":-1.6965405941009522}