{"x":35.466060638427737,"y":0.19008851051330567,"z":11.683191299438477}