{"x":36.48884201049805,"y":0.1900842785835266,"z":-12.017749786376954}