{"x":36.221229553222659,"y":0.19008630514144898,"z":-0.540673017501831}