{"x":33.81096267700195,"y":0.19008705019950868,"z":3.519009828567505}