{"x":27.607858657836915,"y":0.19008871912956239,"z":12.871137619018555}