{"x":30.959775924682618,"y":0.19008588790893556,"z":-2.9430763721466066}