{"x":32.59621047973633,"y":0.1900842785835266,"z":-12.073040962219239}