{"x":30.59772300720215,"y":0.19008594751358033,"z":-2.689279794692993}