{"x":36.24884796142578,"y":0.1900857388973236,"z":-3.729597806930542}