{"x":27.436067581176759,"y":0.19008684158325196,"z":2.407217502593994}