{"x":36.29189682006836,"y":0.19008585810661317,"z":-3.1333167552948}