{"x":33.9050178527832,"y":0.1900843381881714,"z":-11.694043159484864}