{"x":27.564746856689454,"y":0.19008415937423707,"z":-12.69410228729248}