{"x":33.97273254394531,"y":0.18746313452720643,"z":-4.555230140686035}