{"x":33.83551788330078,"y":0.19008421897888184,"z":-12.154704093933106}