{"x":30.058130264282228,"y":0.19008868932724,"z":12.723203659057618}