{"x":36.81433868408203,"y":0.19008588790893556,"z":-2.904146909713745}