{"x":27.250879287719728,"y":0.19008570909500123,"z":-3.8870699405670168}