{"x":33.38772964477539,"y":0.190085768699646,"z":-3.614654302597046}