{"x":33.634830474853519,"y":0.19008606672286988,"z":-1.9456241130828858}