{"x":30.46485710144043,"y":0.19008398056030274,"z":-13.6607084274292}