{"x":27.916826248168947,"y":0.19008585810661317,"z":-3.0882275104522707}