{"x":30.515779495239259,"y":0.19008705019950868,"z":3.5620250701904299}