{"x":28.676424026489259,"y":0.18746346235275269,"z":-2.7206554412841799}