{"x":30.290327072143556,"y":0.19008415937423707,"z":-12.612399101257325}