{"x":36.30351638793945,"y":0.19008615612983704,"z":-1.5020649433135987}