{"x":27.13827133178711,"y":0.19008862972259522,"z":12.423623085021973}