{"x":33.18376541137695,"y":0.19008591771125794,"z":-2.8466250896453859}