{"x":32.9216194152832,"y":0.19008588790893556,"z":-2.8867886066436769}