{"x":34.158042907714847,"y":0.19008874893188477,"z":13.039960861206055}