{"x":30.86586570739746,"y":0.19008424878120423,"z":-12.162022590637207}