{"x":35.96868133544922,"y":0.19008606672286988,"z":-1.941399335861206}