{"x":27.78626251220703,"y":0.19008857011795045,"z":12.06212329864502}