{"x":33.768104553222659,"y":0.19008705019950868,"z":3.625532865524292}