{"x":35.93548583984375,"y":0.19008582830429078,"z":-3.3007924556732179}