{"x":36.152801513671878,"y":0.1900840699672699,"z":-13.10313892364502}