{"x":31.470674514770509,"y":0.19008606672286988,"z":-1.9864590167999268}