{"x":33.957481384277347,"y":0.19008854031562806,"z":11.875653266906739}