{"x":35.80542755126953,"y":0.1900842785835266,"z":-12.001825332641602}