{"x":27.008258819580079,"y":0.1900871992111206,"z":4.457674026489258}