{"x":33.63474655151367,"y":0.18746596574783326,"z":11.411893844604493}