{"x":29.830020904541017,"y":0.19008684158325196,"z":2.345219612121582}