{"x":33.69862365722656,"y":0.1900869905948639,"z":3.2194972038269045}