{"x":27.26421546936035,"y":0.19008630514144898,"z":-0.6739218235015869}