{"x":36.140865325927737,"y":0.19008693099021913,"z":2.8723294734954836}