{"x":29.10826873779297,"y":0.19008857011795045,"z":12.033052444458008}