{"x":29.634674072265626,"y":0.19008859992027284,"z":12.219844818115235}