{"x":27.726633071899415,"y":0.19008582830429078,"z":-3.2528975009918215}