{"x":32.66902160644531,"y":0.19008862972259522,"z":12.323861122131348}