{"x":31.204910278320314,"y":0.1900862455368042,"z":-0.9561655521392822}