{"x":27.5053653717041,"y":0.190087229013443,"z":4.487695217132568}