{"x":33.04289627075195,"y":0.1900840401649475,"z":-13.277436256408692}