{"x":36.260772705078128,"y":0.1900842785835266,"z":-11.945192337036133}