{"x":33.135475158691409,"y":0.1900857388973236,"z":-3.7597367763519289}