{"x":36.4329948425293,"y":0.1874619722366333,"z":-10.91462230682373}