{"x":30.802385330200197,"y":0.1900862157344818,"z":-1.067136526107788}