{"x":31.038068771362306,"y":0.19008615612983704,"z":-1.3988683223724366}