{"x":32.93669509887695,"y":0.19008445739746095,"z":-11.026596069335938}