{"x":33.95792770385742,"y":0.19008579850196839,"z":-3.550060510635376}