{"x":36.35650634765625,"y":0.19008862972259522,"z":12.392389297485352}