{"x":32.78856658935547,"y":0.19008851051330567,"z":11.74161434173584}