{"x":29.840152740478517,"y":0.19008412957191468,"z":-12.637846946716309}