{"x":29.96159553527832,"y":0.19008612632751466,"z":-1.594285249710083}