{"x":30.854658126831056,"y":0.1900842785835266,"z":-11.91247844696045}