{"x":26.723461151123048,"y":0.18746593594551087,"z":11.009933471679688}