{"x":30.54690933227539,"y":0.19008871912956239,"z":12.857636451721192}