{"x":33.79787826538086,"y":0.19008669257164002,"z":1.7943274974822999}