{"x":27.40496063232422,"y":0.19008857011795045,"z":12.009746551513672}