{"x":30.176822662353517,"y":0.1900859773159027,"z":-2.4099628925323488}