{"x":30.844463348388673,"y":0.19008716940879823,"z":4.301829814910889}