{"x":35.9741096496582,"y":0.19008612632751466,"z":-1.6946995258331299}