{"x":35.85258483886719,"y":0.18746203184127809,"z":-10.63000202178955}