{"x":30.00459098815918,"y":0.19008690118789674,"z":2.674917221069336}