{"x":30.760934829711915,"y":0.19008591771125794,"z":-2.849519968032837}