{"x":33.673492431640628,"y":0.19008666276931764,"z":1.3190221786499024}