{"x":26.86046028137207,"y":0.19008874893188477,"z":13.120139122009278}