{"x":33.80427551269531,"y":0.19008862972259522,"z":12.423507690429688}