{"x":32.98920822143555,"y":0.19008859992027284,"z":12.226202011108399}