{"x":33.48897933959961,"y":0.19008415937423707,"z":-12.658366203308106}