{"x":27.064725875854493,"y":0.1874620020389557,"z":-10.768576622009278}