{"x":36.82111358642578,"y":0.19008594751358033,"z":-2.5873172283172609}