{"x":34.30378723144531,"y":0.19008854031562806,"z":11.812939643859864}