{"x":27.338552474975587,"y":0.1900886595249176,"z":12.476649284362793}