{"x":36.565330505371097,"y":0.19008436799049378,"z":-11.448582649230957}