{"x":30.662620544433595,"y":0.19008681178092957,"z":2.267777919769287}