{"x":33.51896667480469,"y":0.19008442759513856,"z":-11.100147247314454}