{"x":27.32173728942871,"y":0.19008591771125794,"z":-2.8541791439056398}