{"x":32.6393928527832,"y":0.19008612632751466,"z":-1.6661655902862549}