{"x":27.651884078979493,"y":0.19008603692054749,"z":-2.062629461288452}