{"x":33.20323944091797,"y":0.19008585810661317,"z":-3.0766894817352297}