{"x":35.40513610839844,"y":0.18746596574783326,"z":11.285812377929688}