{"x":36.52140426635742,"y":0.190084308385849,"z":-11.813915252685547}