{"x":28.385976791381837,"y":0.19008859992027284,"z":12.182214736938477}