{"x":33.22553634643555,"y":0.19008421897888184,"z":-12.230548858642579}