{"x":34.0145149230957,"y":0.1900860071182251,"z":-2.206707239151001}