{"x":27.606563568115236,"y":0.1900862753391266,"z":-0.7465851306915283}