{"x":30.761554718017579,"y":0.19008606672286988,"z":-1.9851315021514893}