{"x":35.48080062866211,"y":0.19008591771125794,"z":-2.746852159500122}